Carrier Code,Date (DD/MM/YYYY),Flight Number,Tail Number,Origin Airport,Scheduled Arrival Time,Actual Arrival Time,Arrival Delay (Minutes),Delay Carrier (Minutes),Delay Weather (Minutes),Delay National Aviation System (Minutes),Delay Security (Minutes),Delay Late Aircraft Arrival (Minutes)
DL,01-08-2024,314,N533DT,BOS,00:47:00,00:17:00,-30,0,0,0,0,0
DL,01-08-2024,315,N707TW,JFK,01:19:00,01:47:00,28,0,0,17,0,11
DL,01-08-2024,340,N813DN,ATL,20:42:00,21:21:00,39,4,0,0,0,35
DL,01-08-2024,361,N595NW,DTW,10:30:00,10:19:00,-11,0,0,0,0,0
DL,01-08-2024,399,N889DN,ATL,00:31:00,01:03:00,32,32,0,0,0,0
DL,01-08-2024,442,N824DN,DTW,17:46:00,17:28:00,-18,0,0,0,0,0
DL,01-08-2024,469,N870DN,DTW,14:12:00,14:11:00,-1,0,0,0,0,0
DL,01-08-2024,475,N512DE,BOS,20:36:00,20:19:00,-17,0,0,0,0,0
DL,01-08-2024,509,N830DN,DTW,21:45:00,21:55:00,10,0,0,0,0,0
DL,01-08-2024,517,N727TW,ATL,18:23:00,18:14:00,-9,0,0,0,0,0
DL,01-08-2024,531,N584NW,ATL,12:21:00,12:23:00,2,0,0,0,0,0
DL,01-08-2024,533,N592NW,ATL,13:47:00,17:33:00,226,226,0,0,0,0
DL,01-08-2024,545,N852DN,ATL,22:45:00,22:37:00,-8,0,0,0,0,0
DL,01-08-2024,667,N722TW,JFK,23:38:00,23:45:00,7,0,0,0,0,0
DL,01-08-2024,668,N707TW,JFK,10:16:00,10:04:00,-12,0,0,0,0,0
DL,01-08-2024,669,N702TW,JFK,12:23:00,12:19:00,-4,0,0,0,0,0
DL,01-08-2024,670,N711ZX,JFK,20:53:00,21:50:00,57,8,0,41,0,8
DL,01-08-2024,679,N703TW,JFK,18:32:00,18:10:00,-22,0,0,0,0,0
DL,01-08-2024,680,N704X,JFK,14:42:00,14:17:00,-25,0,0,0,0,0
DL,01-08-2024,756,N918DU,MSP,17:48:00,18:19:00,31,19,0,12,0,0
DL,01-08-2024,823,N865DN,ATL,16:52:00,16:36:00,-16,0,0,0,0,0
DL,01-08-2024,858,N920DU,MSP,20:26:00,20:23:00,-3,0,0,0,0,0
DL,01-08-2024,884,N871DN,MSP,09:38:00,09:26:00,-12,0,0,0,0,0
DL,01-08-2024,902,N540DE,SLC,12:37:00,13:56:00,79,15,0,0,0,64
DL,01-08-2024,916,N583NW,ATL,10:11:00,10:01:00,-10,0,0,0,0,0
DL,01-08-2024,920,N314DU,SLC,09:05:00,09:22:00,17,0,0,17,0,0
DL,01-08-2024,977,N517DN,BOS,11:37:00,11:13:00,-24,0,0,0,0,0
DL,01-08-2024,1085,N914DU,SLC,21:53:00,22:07:00,14,0,0,0,0,0
DL,01-08-2024,1088,N108DQ,SLC,16:26:00,16:49:00,23,0,0,23,0,0
DL,01-08-2024,1091,N314DU,SLC,00:01:00,01:53:00,112,11,0,0,0,101
DL,01-08-2024,1321,N891DN,DTW,00:51:00,00:24:00,-27,0,0,0,0,0
DL,01-08-2024,1421,N398DA,LAX,08:19:00,08:12:00,-7,0,0,0,0,0
DL,01-08-2024,1559,N338NW,LAX,16:44:00,16:35:00,-9,0,0,0,0,0
DL,01-08-2024,1730,N775DE,SEA,00:05:00,00:30:00,25,14,0,11,0,0
DL,01-08-2024,2054,N347NW,LAX,19:04:00,18:48:00,-16,0,0,0,0,0
DL,01-08-2024,2074,N923DZ,MSP,13:08:00,12:41:00,-27,0,0,0,0,0
DL,01-08-2024,2078,N847DN,MSP,11:25:00,11:09:00,-16,0,0,0,0,0
DL,01-08-2024,2089,N831DN,MSP,23:36:00,23:23:00,-13,0,0,0,0,0
DL,01-08-2024,2239,N837DN,LAX,20:19:00,20:02:00,-17,0,0,0,0,0
DL,01-08-2024,2267,N398DA,LAX,13:29:00,13:16:00,-13,0,0,0,0,0
DL,01-08-2024,2272,N338NW,LAX,11:54:00,11:44:00,-10,0,0,0,0,0
DL,01-08-2024,2985,N112DU,SEA,12:13:00,12:16:00,3,0,0,0,0,0
DL,01-08-2024,2986,N363NW,LAX,23:49:00,23:34:00,-15,0,0,0,0,0
DL,02-08-2024,314,N512DE,BOS,00:47:00,00:32:00,-15,0,0,0,0,0
DL,02-08-2024,315,N703TW,JFK,01:19:00,01:19:00,0,0,0,0,0,0
DL,02-08-2024,340,N924DZ,ATL,20:42:00,20:44:00,2,0,0,0,0,0
DL,02-08-2024,361,N588NW,DTW,10:30:00,10:29:00,-1,0,0,0,0,0
DL,02-08-2024,399,N861DN,ATL,00:31:00,00:15:00,-16,0,0,0,0,0
DL,02-08-2024,442,N930DZ,DTW,17:49:00,17:37:00,-12,0,0,0,0,0
DL,02-08-2024,469,N872DN,DTW,14:12:00,13:51:00,-21,0,0,0,0,0
DL,02-08-2024,475,N549DN,BOS,20:36:00,22:02:00,86,0,14,3,0,69
DL,02-08-2024,509,N843DN,DTW,21:45:00,21:23:00,-22,0,0,0,0,0
DL,02-08-2024,517,N707TW,ATL,18:23:00,18:23:00,0,0,0,0,0,0
DL,02-08-2024,531,N589NW,ATL,12:21:00,12:14:00,-7,0,0,0,0,0
DL,02-08-2024,533,N687DL,ATL,13:47:00,15:25:00,98,94,0,4,0,0
DL,02-08-2024,545,N873DN,ATL,22:45:00,23:16:00,31,7,0,24,0,0
DL,02-08-2024,667,N727TW,JFK,23:38:00,00:07:00,29,0,0,11,0,18
DL,02-08-2024,668,N703TW,JFK,10:16:00,09:55:00,-21,0,0,0,0,0
DL,02-08-2024,669,N711ZX,JFK,12:23:00,12:21:00,-2,0,0,0,0,0
DL,02-08-2024,670,N722TW,JFK,20:53:00,22:08:00,75,0,0,75,0,0
DL,02-08-2024,679,N705TW,JFK,18:32:00,18:53:00,21,13,0,8,0,0
DL,02-08-2024,680,N706TW,JFK,14:42:00,14:45:00,3,0,0,0,0,0
DL,02-08-2024,756,N831DN,MSP,17:48:00,17:39:00,-9,0,0,0,0,0
DL,02-08-2024,823,N891DN,ATL,16:52:00,16:45:00,-7,0,0,0,0,0
DL,02-08-2024,858,N893DN,MSP,20:26:00,20:46:00,20,18,0,0,0,2
DL,02-08-2024,884,N840DN,MSP,09:38:00,09:33:00,-5,0,0,0,0,0
DL,02-08-2024,902,N573DT,SLC,12:37:00,12:28:00,-9,0,0,0,0,0
DL,02-08-2024,916,N583NW,ATL,10:11:00,09:57:00,-14,0,0,0,0,0
DL,02-08-2024,920,N352NW,SLC,09:05:00,08:51:00,-14,0,0,0,0,0
DL,02-08-2024,977,N526DE,BOS,11:37:00,11:04:00,-33,0,0,0,0,0
DL,02-08-2024,1085,N909DN,SLC,21:53:00,22:09:00,16,0,0,16,0,0
DL,02-08-2024,1088,N313DU,SLC,16:26:00,17:11:00,45,0,0,0,0,45
DL,02-08-2024,1091,N371NB,SLC,00:01:00,00:00:00,0,0,0,0,0,0
DL,02-08-2024,1321,N885DN,DTW,00:51:00,01:40:00,49,24,0,12,0,13
DL,02-08-2024,1421,N398DA,LAX,08:19:00,08:19:00,0,0,0,0,0,0
DL,02-08-2024,1559,N369NW,LAX,16:44:00,16:50:00,6,0,0,0,0,0
DL,02-08-2024,1730,N3772H,SEA,00:05:00,00:12:00,7,0,0,0,0,0
DL,02-08-2024,2054,N363NW,LAX,19:04:00,18:51:00,-13,0,0,0,0,0
DL,02-08-2024,2074,N802DN,MSP,13:08:00,13:14:00,6,0,0,0,0,0
DL,02-08-2024,2078,N892DN,MSP,11:25:00,11:05:00,-20,0,0,0,0,0
DL,02-08-2024,2089,N910DU,MSP,23:36:00,00:33:00,57,22,0,0,0,35
DL,02-08-2024,2239,N826DN,LAX,20:19:00,20:05:00,-14,0,0,0,0,0
DL,02-08-2024,2267,N398DA,LAX,13:29:00,13:17:00,-12,0,0,0,0,0
DL,02-08-2024,2272,N369NW,LAX,11:54:00,11:48:00,-6,0,0,0,0,0
DL,02-08-2024,2985,N118DU,SEA,12:13:00,11:54:00,-19,0,0,0,0,0
DL,02-08-2024,2986,N371NW,LAX,23:49:00,23:35:00,-14,0,0,0,0,0
DL,03-08-2024,340,N884DN,ATL,20:42:00,20:43:00,1,0,0,0,0,0
DL,03-08-2024,361,N584NW,DTW,10:30:00,10:05:00,-25,0,0,0,0,0
DL,03-08-2024,442,N124DX,DTW,18:25:00,18:16:00,-9,0,0,0,0,0
DL,03-08-2024,469,N827DN,DTW,14:13:00,14:20:00,7,0,0,0,0,0
DL,03-08-2024,475,N549DN,BOS,20:36:00,22:07:00,91,0,0,14,0,77
DL,03-08-2024,509,N878DN,DTW,22:43:00,22:25:00,-18,0,0,0,0,0
DL,03-08-2024,531,N596NW,ATL,12:21:00,14:10:00,109,109,0,0,0,0
DL,03-08-2024,533,N711ZX,ATL,13:48:00,15:28:00,100,11,0,0,0,89
DL,03-08-2024,545,N917DU,ATL,22:48:00,00:12:00,84,71,0,13,0,0
DL,03-08-2024,667,N705TW,JFK,23:38:00,02:18:00,160,0,0,160,0,0
DL,03-08-2024,668,N705TW,JFK,10:48:00,10:27:00,-21,0,0,0,0,0
DL,03-08-2024,670,N713TW,JFK,20:53:00,21:11:00,18,15,0,3,0,0
DL,03-08-2024,679,N717TW,JFK,18:32:00,18:47:00,15,0,0,15,0,0
DL,03-08-2024,680,N706TW,JFK,13:42:00,13:15:00,-27,0,0,0,0,0
DL,03-08-2024,756,N880DN,MSP,17:48:00,17:54:00,6,0,0,0,0,0
DL,03-08-2024,823,N852DN,ATL,16:52:00,16:50:00,-2,0,0,0,0,0
DL,03-08-2024,858,N924DZ,MSP,20:26:00,20:10:00,-16,0,0,0,0,0
DL,03-08-2024,884,N865DN,MSP,09:38:00,09:28:00,-10,0,0,0,0,0
DL,03-08-2024,902,N539DN,SLC,12:37:00,12:33:00,-4,0,0,0,0,0
DL,03-08-2024,916,N594NW,ATL,10:11:00,11:50:00,99,99,0,0,0,0
DL,03-08-2024,920,N369NW,SLC,09:05:00,09:13:00,8,0,0,0,0,0
DL,03-08-2024,977,N538DN,BOS,11:37:00,11:56:00,19,0,0,0,0,19
DL,03-08-2024,1088,N3766,SLC,16:15:00,16:26:00,11,0,0,0,0,0
DL,03-08-2024,1091,N104DU,SLC,00:01:00,23:38:00,-23,0,0,0,0,0
DL,03-08-2024,1421,N398DA,LAX,08:19:00,08:16:00,-3,0,0,0,0,0
DL,03-08-2024,1559,N347NW,LAX,16:44:00,16:48:00,4,0,0,0,0,0
DL,03-08-2024,1730,N775DE,SEA,00:05:00,00:17:00,12,0,0,0,0,0
DL,03-08-2024,2054,N827DN,LAX,19:18:00,19:02:00,-16,0,0,0,0,0
DL,03-08-2024,2074,N856DN,MSP,13:08:00,12:50:00,-18,0,0,0,0,0
DL,03-08-2024,2078,N929DZ,MSP,11:25:00,11:15:00,-10,0,0,0,0,0
DL,03-08-2024,2239,N347NW,LAX,21:38:00,21:51:00,13,0,0,0,0,0
DL,03-08-2024,2267,N859DN,LAX,13:29:00,13:26:00,-3,0,0,0,0,0
DL,03-08-2024,2272,N347NW,LAX,11:54:00,11:53:00,-1,0,0,0,0,0
DL,03-08-2024,2985,N133DU,SEA,12:13:00,12:16:00,3,0,0,0,0,0
DL,04-08-2024,314,N532DN,BOS,00:47:00,00:29:00,-18,0,0,0,0,0
DL,04-08-2024,315,N711ZX,JFK,01:19:00,04:00:00,161,161,0,0,0,0
DL,04-08-2024,340,N808DN,ATL,20:42:00,20:56:00,14,0,0,0,0,0
DL,04-08-2024,361,N594NW,DTW,10:30:00,10:23:00,-7,0,0,0,0,0
DL,04-08-2024,399,N928DU,ATL,00:31:00,00:26:00,-5,0,0,0,0,0
DL,04-08-2024,442,N826DN,DTW,17:46:00,18:09:00,23,23,0,0,0,0
DL,04-08-2024,469,N913DU,DTW,14:12:00,14:27:00,15,15,0,0,0,0
DL,04-08-2024,475,N520DE,BOS,20:36:00,21:47:00,71,35,0,6,0,30
DL,04-08-2024,509,N815DN,DTW,21:45:00,21:40:00,-5,0,0,0,0,0
DL,04-08-2024,517,N705TW,ATL,18:23:00,18:29:00,6,0,0,0,0,0
DL,04-08-2024,531,N591NW,ATL,12:21:00,12:01:00,-20,0,0,0,0,0
DL,04-08-2024,533,N588NW,ATL,13:47:00,14:21:00,34,0,0,0,0,34
DL,04-08-2024,545,N915DU,ATL,22:45:00,23:01:00,16,14,0,2,0,0
DL,04-08-2024,667,N717TW,JFK,23:38:00,23:38:00,0,0,0,0,0,0
DL,04-08-2024,668,N706TW,JFK,10:16:00,14:09:00,233,233,0,0,0,0
DL,04-08-2024,669,N711ZX,JFK,12:23:00,11:58:00,-25,0,0,0,0,0
DL,04-08-2024,670,N713TW,JFK,20:53:00,20:33:00,-20,0,0,0,0,0
DL,04-08-2024,679,N703TW,JFK,18:32:00,18:22:00,-10,0,0,0,0,0
DL,04-08-2024,680,N702TW,JFK,14:42:00,14:05:00,-37,0,0,0,0,0
DL,04-08-2024,756,N840DN,MSP,17:48:00,18:01:00,13,0,0,0,0,0
DL,04-08-2024,823,N912DU,ATL,17:03:00,17:35:00,32,5,0,11,0,16
DL,04-08-2024,858,N899DN,MSP,20:26:00,20:07:00,-19,0,0,0,0,0
DL,04-08-2024,884,N896DN,MSP,09:38:00,09:33:00,-5,0,0,0,0,0
DL,04-08-2024,902,N534DT,SLC,12:37:00,13:33:00,56,0,0,0,0,56
DL,04-08-2024,916,N586NW,ATL,10:11:00,09:58:00,-13,0,0,0,0,0
DL,04-08-2024,920,N371NW,SLC,09:05:00,08:53:00,-12,0,0,0,0,0
DL,04-08-2024,977,N531DA,BOS,11:37:00,13:49:00,132,23,0,0,0,109
DL,04-08-2024,1085,N823DN,SLC,21:53:00,22:20:00,27,6,0,21,0,0
DL,04-08-2024,1088,N312DU,SLC,16:26:00,17:16:00,50,0,0,23,0,27
DL,04-08-2024,1091,N108DQ,SLC,00:01:00,00:00:00,-1,0,0,0,0,0
DL,04-08-2024,1321,N839DN,DTW,00:51:00,00:00:00,0,0,0,0,0,0
DL,04-08-2024,1421,N398DA,LAX,08:19:00,08:06:00,-13,0,0,0,0,0
DL,04-08-2024,1559,N347NW,LAX,16:44:00,16:28:00,-16,0,0,0,0,0
DL,04-08-2024,1730,N3744F,SEA,00:05:00,00:09:00,4,0,0,0,0,0
DL,04-08-2024,2054,N372NW,LAX,19:04:00,19:01:00,-3,0,0,0,0,0
DL,04-08-2024,2074,N902DN,MSP,13:08:00,12:52:00,-16,0,0,0,0,0
DL,04-08-2024,2078,N870DN,MSP,11:25:00,11:00:00,-25,0,0,0,0,0
DL,04-08-2024,2089,N869DN,MSP,23:36:00,23:47:00,11,0,0,0,0,0
DL,04-08-2024,2239,N923DZ,LAX,20:19:00,22:35:00,136,129,0,7,0,0
DL,04-08-2024,2267,N398DA,LAX,13:29:00,13:42:00,13,0,0,0,0,0
DL,04-08-2024,2272,N347NW,LAX,11:54:00,11:32:00,-22,0,0,0,0,0
DL,04-08-2024,2985,N124DU,SEA,12:13:00,12:06:00,-7,0,0,0,0,0
DL,04-08-2024,2986,N362NW,LAX,23:49:00,23:54:00,5,0,0,0,0,0
DL,05-08-2024,314,N501DA,BOS,00:47:00,00:17:00,-30,0,0,0,0,0
DL,05-08-2024,315,N703TW,JFK,01:19:00,01:18:00,-1,0,0,0,0,0
DL,05-08-2024,340,N922DZ,ATL,20:42:00,20:22:00,-20,0,0,0,0,0
DL,05-08-2024,361,N535US,DTW,10:30:00,16:48:00,378,378,0,0,0,0
DL,05-08-2024,399,N898DN,ATL,00:30:00,01:19:00,49,10,0,0,0,39
DL,05-08-2024,442,N820DN,DTW,17:46:00,18:17:00,31,31,0,0,0,0
DL,05-08-2024,469,N915DU,DTW,14:12:00,14:10:00,-2,0,0,0,0,0
DL,05-08-2024,475,N524DE,BOS,20:36:00,20:50:00,14,0,0,0,0,0
DL,05-08-2024,509,N885DN,DTW,21:45:00,22:30:00,45,6,0,0,0,39
DL,05-08-2024,517,N717TW,ATL,18:23:00,20:04:00,101,0,0,1,0,100
DL,05-08-2024,531,N589NW,ATL,12:16:00,12:14:00,-2,0,0,0,0,0
DL,05-08-2024,533,N581NW,ATL,13:47:00,13:48:00,1,0,0,0,0,0
DL,05-08-2024,545,N879DN,ATL,22:45:00,22:11:00,-34,0,0,0,0,0
DL,05-08-2024,667,N711ZX,JFK,23:38:00,22:45:00,-53,0,0,0,0,0
DL,05-08-2024,668,N703TW,JFK,10:16:00,10:59:00,43,0,0,43,0,0
DL,05-08-2024,669,N705TW,JFK,12:23:00,13:46:00,83,83,0,0,0,0
DL,05-08-2024,670,N713TW,JFK,20:53:00,20:03:00,-50,0,0,0,0,0
DL,05-08-2024,679,N727TW,JFK,18:32:00,17:49:00,-43,0,0,0,0,0
DL,05-08-2024,680,N722TW,JFK,14:42:00,16:14:00,92,92,0,0,0,0
DL,05-08-2024,756,N821DN,MSP,17:48:00,18:03:00,15,10,0,0,0,5
DL,05-08-2024,823,N833DN,ATL,16:52:00,16:34:00,-18,0,0,0,0,0
DL,05-08-2024,858,N857DZ,MSP,20:26:00,21:14:00,48,20,0,28,0,0
DL,05-08-2024,884,N686DA,MSP,09:39:00,09:35:00,-4,0,0,0,0,0
DL,05-08-2024,902,N573DT,SLC,12:37:00,13:03:00,26,7,0,0,0,19
DL,05-08-2024,916,N587NW,ATL,10:16:00,10:24:00,8,0,0,0,0,0
DL,05-08-2024,920,N515DE,SLC,09:05:00,10:33:00,88,88,0,0,0,0
DL,05-08-2024,977,N534DT,BOS,11:37:00,11:40:00,3,0,0,0,0,0
DL,05-08-2024,1085,N902DN,SLC,21:50:00,21:52:00,2,0,0,0,0,0
DL,05-08-2024,1088,N319DU,SLC,16:26:00,16:36:00,10,0,0,0,0,0
DL,05-08-2024,1091,N320NB,SLC,00:04:00,01:31:00,87,11,0,0,0,76
DL,05-08-2024,1321,N806DN,DTW,00:51:00,00:38:00,-13,0,0,0,0,0
DL,05-08-2024,1421,N826DN,LAX,08:11:00,07:56:00,-15,0,0,0,0,0
DL,05-08-2024,1559,N369NW,LAX,16:44:00,16:26:00,-18,0,0,0,0,0
DL,05-08-2024,1730,N3745B,SEA,00:05:00,00:03:00,-2,0,0,0,0,0
DL,05-08-2024,2054,N362NW,LAX,19:04:00,19:05:00,1,0,0,0,0,0
DL,05-08-2024,2074,N909DN,MSP,13:08:00,12:56:00,-12,0,0,0,0,0
DL,05-08-2024,2078,N910DU,MSP,11:06:00,10:47:00,-19,0,0,0,0,0
DL,05-08-2024,2089,N913DU,MSP,23:36:00,23:33:00,-3,0,0,0,0,0
DL,05-08-2024,2239,N840DN,LAX,20:15:00,20:19:00,4,0,0,0,0,0
DL,05-08-2024,2267,N826DN,LAX,13:29:00,14:13:00,44,0,0,0,0,44
DL,05-08-2024,2272,N369NW,LAX,11:54:00,11:25:00,-29,0,0,0,0,0
DL,05-08-2024,2985,N123DQ,SEA,12:13:00,12:52:00,39,39,0,0,0,0
DL,05-08-2024,2986,N371NW,LAX,23:49:00,00:43:00,54,0,0,0,0,54
DL,06-08-2024,315,N177DN,JFK,01:19:00,11:12:00,593,593,0,0,0,0
DL,06-08-2024,340,N866DN,ATL,20:42:00,20:27:00,-15,0,0,0,0,0
DL,06-08-2024,361,N582NW,DTW,10:30:00,10:34:00,4,0,0,0,0,0
DL,06-08-2024,442,N910DU,DTW,17:46:00,18:20:00,34,11,0,0,0,23
DL,06-08-2024,469,N804DN,DTW,14:12:00,14:24:00,12,0,0,0,0,0
DL,06-08-2024,475,N510DE,BOS,21:45:00,21:27:00,-18,0,0,0,0,0
DL,06-08-2024,509,N930DZ,DTW,21:46:00,21:49:00,3,0,0,0,0,0
DL,06-08-2024,517,N703TW,ATL,18:23:00,18:27:00,4,0,0,0,0,0
DL,06-08-2024,531,N585NW,ATL,12:16:00,12:26:00,10,0,0,0,0,0
DL,06-08-2024,533,N587NW,ATL,13:47:00,13:27:00,-20,0,0,0,0,0
DL,06-08-2024,656,N901DN,ATL,23:24:00,23:00:00,-24,0,0,0,0,0
DL,06-08-2024,667,N727TW,JFK,23:38:00,01:59:00,141,0,0,141,0,0
DL,06-08-2024,668,N727TW,JFK,10:16:00,10:04:00,-12,0,0,0,0,0
DL,06-08-2024,669,N717TW,JFK,12:23:00,12:48:00,25,0,0,25,0,0
DL,06-08-2024,670,N711ZX,JFK,20:53:00,23:54:00,181,0,0,181,0,0
DL,06-08-2024,679,N722TW,JFK,18:32:00,17:45:00,-47,0,0,0,0,0
DL,06-08-2024,680,N706TW,JFK,14:42:00,14:39:00,-3,0,0,0,0,0
DL,06-08-2024,756,N807DN,MSP,17:48:00,17:51:00,3,0,0,0,0,0
DL,06-08-2024,823,N855DN,ATL,16:52:00,16:38:00,-14,0,0,0,0,0
DL,06-08-2024,858,N911DQ,MSP,20:26:00,20:14:00,-12,0,0,0,0,0
DL,06-08-2024,902,N527DE,SLC,12:37:00,12:34:00,-3,0,0,0,0,0
DL,06-08-2024,916,N593NW,ATL,10:16:00,09:56:00,-20,0,0,0,0,0
DL,06-08-2024,920,N368NW,SLC,09:05:00,08:46:00,-19,0,0,0,0,0
DL,06-08-2024,977,N537DT,BOS,11:37:00,11:16:00,-21,0,0,0,0,0
DL,06-08-2024,1085,N908DN,SLC,21:50:00,23:12:00,82,37,0,8,0,37
DL,06-08-2024,1088,N108DQ,SLC,16:26:00,16:20:00,-6,0,0,0,0,0
DL,06-08-2024,1091,N320NB,SLC,00:04:00,00:24:00,20,0,0,0,0,20
DL,06-08-2024,1421,N820DN,LAX,08:11:00,07:57:00,-14,0,0,0,0,0
DL,06-08-2024,1559,N372NW,LAX,16:44:00,16:34:00,-10,0,0,0,0,0
DL,06-08-2024,1562,N133DU,SEA,09:27:00,09:16:00,-11,0,0,0,0,0
DL,06-08-2024,1591,N133DU,SEA,15:47:00,15:33:00,-14,0,0,0,0,0
DL,06-08-2024,1730,N775DE,SEA,00:05:00,00:08:00,3,0,0,0,0,0
DL,06-08-2024,2054,N371NW,LAX,19:04:00,18:46:00,-18,0,0,0,0,0
DL,06-08-2024,2074,N817DN,MSP,13:08:00,13:09:00,1,0,0,0,0,0
DL,06-08-2024,2078,N868DN,MSP,11:06:00,11:02:00,-4,0,0,0,0,0
DL,06-08-2024,2089,N929DZ,MSP,23:36:00,23:34:00,-2,0,0,0,0,0
DL,06-08-2024,2239,N832DN,LAX,20:15:00,20:08:00,-7,0,0,0,0,0
DL,06-08-2024,2267,N820DN,LAX,13:29:00,13:21:00,-8,0,0,0,0,0
DL,06-08-2024,2272,N372NW,LAX,11:54:00,11:39:00,-15,0,0,0,0,0
DL,06-08-2024,2985,N132DU,SEA,12:13:00,11:58:00,-15,0,0,0,0,0
DL,06-08-2024,2986,N349NW,LAX,23:49:00,00:36:00,47,11,0,0,0,36
DL,07-08-2024,315,N703TW,JFK,01:19:00,01:31:00,12,0,0,0,0,0
DL,07-08-2024,340,N884DN,ATL,20:42:00,22:02:00,80,80,0,0,0,0
DL,07-08-2024,361,N593NW,DTW,10:30:00,11:24:00,54,52,0,2,0,0
DL,07-08-2024,442,N895DN,DTW,17:46:00,17:55:00,9,0,0,0,0,0
DL,07-08-2024,469,N878DN,DTW,14:12:00,14:17:00,5,0,0,0,0,0
DL,07-08-2024,475,N515DE,BOS,22:57:00,01:02:00,125,15,0,0,0,110
DL,07-08-2024,509,N860DN,DTW,21:46:00,22:00:00,14,0,0,0,0,0
DL,07-08-2024,517,N711ZX,ATL,18:23:00,18:11:00,-12,0,0,0,0,0
DL,07-08-2024,531,N596NW,ATL,12:16:00,12:23:00,7,0,0,0,0,0
DL,07-08-2024,533,N589NW,ATL,13:47:00,13:31:00,-16,0,0,0,0,0
DL,07-08-2024,656,N843DN,ATL,23:24:00,23:25:00,1,0,0,0,0,0
DL,07-08-2024,667,N727TW,JFK,23:38:00,23:23:00,-15,0,0,0,0,0
DL,07-08-2024,668,N703TW,JFK,10:16:00,10:37:00,21,21,0,0,0,0
DL,07-08-2024,669,N706TW,JFK,12:23:00,16:31:00,248,248,0,0,0,0
DL,07-08-2024,670,N722TW,JFK,20:53:00,21:31:00,38,38,0,0,0,0
DL,07-08-2024,679,N713TW,JFK,18:32:00,18:40:00,8,0,0,0,0,0
DL,07-08-2024,680,N704X,JFK,14:42:00,15:58:00,76,76,0,0,0,0
DL,07-08-2024,756,N920DU,MSP,17:48:00,18:10:00,22,21,0,0,0,1
DL,07-08-2024,823,N836DN,ATL,16:52:00,16:51:00,-1,0,0,0,0,0
DL,07-08-2024,858,N868DN,MSP,20:26:00,20:29:00,3,0,0,0,0,0
DL,07-08-2024,884,N540US,MSP,09:39:00,09:45:00,6,0,0,0,0,0
DL,07-08-2024,902,N544DN,SLC,12:37:00,12:42:00,5,0,0,0,0,0
DL,07-08-2024,916,N591NW,ATL,10:16:00,09:57:00,-19,0,0,0,0,0
DL,07-08-2024,920,N368NW,SLC,09:05:00,09:01:00,-4,0,0,0,0,0
DL,07-08-2024,977,N547DE,BOS,11:37:00,12:12:00,35,35,0,0,0,0
DL,07-08-2024,1085,N805DN,SLC,21:50:00,21:47:00,-3,0,0,0,0,0
DL,07-08-2024,1088,N125DU,SLC,16:26:00,16:28:00,2,0,0,0,0,0
DL,07-08-2024,1091,N371NB,SLC,00:04:00,00:09:00,5,0,0,0,0,0
DL,07-08-2024,1421,N910DU,LAX,08:11:00,08:02:00,-9,0,0,0,0,0
DL,07-08-2024,1559,N371NW,LAX,16:44:00,16:38:00,-6,0,0,0,0,0
DL,07-08-2024,1730,N3744F,SEA,00:05:00,00:22:00,17,17,0,0,0,0
DL,07-08-2024,2054,N349NW,LAX,19:04:00,18:48:00,-16,0,0,0,0,0
DL,07-08-2024,2074,N828DN,MSP,13:08:00,13:10:00,2,0,0,0,0,0
DL,07-08-2024,2078,N822DN,MSP,11:06:00,11:17:00,11,0,0,0,0,0
DL,07-08-2024,2089,N898DN,MSP,23:36:00,23:52:00,16,0,0,16,0,0
DL,07-08-2024,2239,N916DU,LAX,20:15:00,20:09:00,-6,0,0,0,0,0
DL,07-08-2024,2267,N910DU,LAX,13:29:00,13:16:00,-13,0,0,0,0,0
DL,07-08-2024,2272,N371NW,LAX,11:54:00,11:35:00,-19,0,0,0,0,0
DL,07-08-2024,2985,N121DU,SEA,12:13:00,11:50:00,-23,0,0,0,0,0
DL,07-08-2024,2986,N376NW,LAX,23:49:00,23:50:00,1,0,0,0,0,0
DL,08-08-2024,314,N529DT,BOS,00:47:00,01:49:00,62,10,0,50,0,2
DL,08-08-2024,315,N713TW,JFK,01:19:00,03:52:00,153,0,0,61,0,92
DL,08-08-2024,340,N819DN,ATL,20:42:00,20:54:00,12,0,0,0,0,0
DL,08-08-2024,361,N595NW,DTW,10:30:00,10:40:00,10,0,0,0,0,0
DL,08-08-2024,399,N859DN,ATL,00:30:00,00:30:00,0,0,0,0,0,0
DL,08-08-2024,442,N895DN,DTW,17:46:00,17:48:00,2,0,0,0,0,0
DL,08-08-2024,469,N855DN,DTW,14:12:00,14:12:00,0,0,0,0,0,0
DL,08-08-2024,475,N534DT,BOS,20:36:00,21:13:00,37,15,0,22,0,0
DL,08-08-2024,509,N836DN,DTW,21:45:00,21:44:00,-1,0,0,0,0,0
DL,08-08-2024,517,N727TW,ATL,18:23:00,19:12:00,49,49,0,0,0,0
DL,08-08-2024,531,N582NW,ATL,12:16:00,12:18:00,2,0,0,0,0,0
DL,08-08-2024,533,N584NW,ATL,13:47:00,14:08:00,21,0,0,21,0,0
DL,08-08-2024,545,N873DN,ATL,22:45:00,22:48:00,3,0,0,0,0,0
DL,08-08-2024,667,N703TW,JFK,23:18:00,00:02:00,44,0,0,44,0,0
DL,08-08-2024,668,N713TW,JFK,10:16:00,10:17:00,1,0,0,0,0,0
DL,08-08-2024,669,N711ZX,JFK,12:23:00,12:17:00,-6,0,0,0,0,0
DL,08-08-2024,670,N722TW,JFK,20:53:00,21:51:00,58,1,0,48,0,9
DL,08-08-2024,679,N702TW,JFK,18:32:00,18:11:00,-21,0,0,0,0,0
DL,08-08-2024,680,N707TW,JFK,14:42:00,14:38:00,-4,0,0,0,0,0
DL,08-08-2024,756,N927DZ,MSP,17:48:00,19:34:00,106,77,0,22,0,7
DL,08-08-2024,823,N808DN,ATL,16:52:00,16:45:00,-7,0,0,0,0,0
DL,08-08-2024,858,N891DN,MSP,20:37:00,20:38:00,1,0,0,0,0,0
DL,08-08-2024,884,N669DN,MSP,09:39:00,10:09:00,30,0,0,30,0,0
DL,08-08-2024,902,N578DN,SLC,12:37:00,12:59:00,22,0,0,22,0,0
DL,08-08-2024,916,N589NW,ATL,10:16:00,10:23:00,7,0,0,0,0,0
DL,08-08-2024,920,N368NW,SLC,09:05:00,09:15:00,10,0,0,0,0,0
DL,08-08-2024,977,N509DT,BOS,11:37:00,12:15:00,38,0,0,38,0,0
DL,08-08-2024,1085,N818DA,SLC,21:50:00,22:43:00,53,53,0,0,0,0
DL,08-08-2024,1088,N317DU,SLC,16:26:00,16:34:00,8,0,0,0,0,0
DL,08-08-2024,1091,N370NB,SLC,00:04:00,00:13:00,9,0,0,0,0,0
DL,08-08-2024,1321,N866DN,DTW,00:51:00,01:05:00,14,0,0,0,0,0
DL,08-08-2024,1421,N3743H,LAX,08:11:00,11:09:00,178,178,0,0,0,0
DL,08-08-2024,1559,N363NW,LAX,16:44:00,16:24:00,-20,0,0,0,0,0
DL,08-08-2024,1730,N397DA,SEA,00:05:00,00:53:00,48,18,0,0,0,30
DL,08-08-2024,2054,N376NW,LAX,19:04:00,18:42:00,-22,0,0,0,0,0
DL,08-08-2024,2074,N878DN,MSP,13:08:00,13:56:00,48,0,0,48,0,0
DL,08-08-2024,2078,N882DN,MSP,11:06:00,11:38:00,32,0,0,32,0,0
DL,08-08-2024,2089,N848DN,MSP,23:36:00,23:56:00,20,0,0,1,0,19
DL,08-08-2024,2239,N801DZ,LAX,20:15:00,20:20:00,5,0,0,0,0,0
DL,08-08-2024,2267,N3743H,LAX,13:29:00,15:29:00,120,0,0,0,0,120
DL,08-08-2024,2272,N363NW,LAX,11:54:00,11:46:00,-8,0,0,0,0,0
DL,08-08-2024,2985,N108DQ,SEA,12:13:00,11:52:00,-21,0,0,0,0,0
DL,08-08-2024,2986,N351NW,LAX,23:49:00,23:46:00,-3,0,0,0,0,0
DL,09-08-2024,314,N520DE,BOS,00:47:00,00:42:00,-5,0,0,0,0,0
DL,09-08-2024,315,N702TW,JFK,01:19:00,01:18:00,-1,0,0,0,0,0
DL,09-08-2024,340,N805DN,ATL,20:42:00,21:18:00,36,1,0,0,0,35
DL,09-08-2024,361,N589NW,DTW,10:30:00,11:19:00,49,9,0,40,0,0
DL,09-08-2024,399,N882DN,ATL,00:30:00,00:36:00,6,0,0,0,0,0
DL,09-08-2024,442,N886DN,DTW,17:46:00,19:22:00,96,14,0,12,0,70
DL,09-08-2024,469,N869DN,DTW,14:12:00,14:40:00,28,22,0,6,0,0
DL,09-08-2024,475,N540DE,BOS,20:36:00,22:50:00,134,5,0,45,0,84
DL,09-08-2024,509,N916DU,DTW,21:45:00,22:32:00,47,9,0,38,0,0
DL,09-08-2024,517,N703TW,ATL,18:23:00,20:50:00,147,145,0,2,0,0
DL,09-08-2024,531,N591NW,ATL,12:16:00,12:05:00,-11,0,0,0,0,0
DL,09-08-2024,533,N595NW,ATL,13:47:00,14:02:00,15,0,0,15,0,0
DL,09-08-2024,545,N901DN,ATL,22:45:00,22:44:00,-1,0,0,0,0,0
DL,09-08-2024,667,N711ZX,JFK,23:18:00,01:21:00,123,0,0,3,0,120
DL,09-08-2024,668,N702TW,JFK,10:16:00,10:27:00,11,0,0,0,0,0
DL,09-08-2024,669,N722TW,JFK,12:23:00,12:42:00,19,0,0,19,0,0
DL,09-08-2024,670,N713TW,JFK,20:53:00,21:42:00,49,0,0,49,0,0
DL,09-08-2024,679,N705TW,JFK,18:32:00,18:36:00,4,0,0,0,0,0
DL,09-08-2024,680,N704X,JFK,14:42:00,15:46:00,64,0,0,64,0,0
DL,09-08-2024,756,N914DU,MSP,17:48:00,18:03:00,15,0,0,15,0,0
DL,09-08-2024,823,N859DN,ATL,16:52:00,16:33:00,-19,0,0,0,0,0
DL,09-08-2024,858,N801DZ,MSP,20:37:00,20:57:00,20,0,0,20,0,0
DL,09-08-2024,884,N711ZX,MSP,09:39:00,10:14:00,35,0,0,35,0,0
DL,09-08-2024,902,N533DT,SLC,12:37:00,12:56:00,19,5,0,0,0,14
DL,09-08-2024,916,N587NW,ATL,10:16:00,10:19:00,3,0,0,0,0,0
DL,09-08-2024,920,N334NW,SLC,09:05:00,08:52:00,-13,0,0,0,0,0
DL,09-08-2024,977,N534DT,BOS,11:37:00,11:51:00,14,0,0,0,0,0
DL,09-08-2024,1085,N832DN,SLC,21:50:00,22:05:00,15,0,0,15,0,0
DL,09-08-2024,1088,N312DU,SLC,16:26:00,16:47:00,21,0,0,8,0,13
DL,09-08-2024,1091,N302NB,SLC,00:04:00,00:13:00,9,0,0,0,0,0
DL,09-08-2024,1321,N917DU,DTW,00:51:00,01:03:00,12,0,0,0,0,0
DL,09-08-2024,1421,N915DU,LAX,08:11:00,08:09:00,-2,0,0,0,0,0
DL,09-08-2024,1559,N517DN,LAX,16:44:00,22:11:00,327,324,0,3,0,0
DL,09-08-2024,1730,N3744F,SEA,00:05:00,00:39:00,34,8,0,0,0,26
DL,09-08-2024,2054,N351NW,LAX,19:04:00,18:48:00,-16,0,0,0,0,0
DL,09-08-2024,2074,N804DN,MSP,13:08:00,12:47:00,-21,0,0,0,0,0
DL,09-08-2024,2078,N825DN,MSP,11:06:00,11:34:00,28,10,0,15,0,3
DL,09-08-2024,2089,N897DN,MSP,23:36:00,23:59:00,23,0,0,23,0,0
DL,09-08-2024,2239,N930DZ,LAX,20:15:00,20:06:00,-9,0,0,0,0,0
DL,09-08-2024,2267,N915DU,LAX,13:29:00,13:19:00,-10,0,0,0,0,0
DL,09-08-2024,2272,N362NW,LAX,11:54:00,12:28:00,34,34,0,0,0,0
DL,09-08-2024,2985,N113DQ,SEA,12:13:00,11:52:00,-21,0,0,0,0,0
DL,09-08-2024,2986,N368NW,LAX,23:49:00,00:28:00,39,0,0,13,0,26
DL,10-08-2024,340,N888DU,ATL,20:42:00,20:44:00,2,0,0,0,0,0
DL,10-08-2024,361,N591NW,DTW,10:30:00,10:35:00,5,0,0,0,0,0
DL,10-08-2024,442,N125DN,DTW,17:55:00,18:06:00,11,0,0,0,0,0
DL,10-08-2024,469,N825DN,DTW,14:13:00,14:28:00,15,0,0,15,0,0
DL,10-08-2024,475,N534DT,BOS,22:48:00,22:37:00,-11,0,0,0,0,0
DL,10-08-2024,509,N808DN,DTW,22:43:00,22:50:00,7,0,0,0,0,0
DL,10-08-2024,531,N590NW,ATL,12:16:00,12:24:00,8,0,0,0,0,0
DL,10-08-2024,533,N722TW,ATL,13:48:00,13:43:00,-5,0,0,0,0,0
DL,10-08-2024,545,N845DN,ATL,22:48:00,22:46:00,-2,0,0,0,0,0
DL,10-08-2024,667,N711ZX,JFK,23:18:00,23:22:00,4,0,0,0,0,0
DL,10-08-2024,668,N705TW,JFK,10:48:00,10:50:00,2,0,0,0,0,0
DL,10-08-2024,670,N713TW,JFK,20:53:00,20:26:00,-27,0,0,0,0,0
DL,10-08-2024,679,N539US,JFK,18:32:00,18:35:00,3,0,0,0,0,0
DL,10-08-2024,680,N704X,JFK,13:42:00,13:54:00,12,0,0,0,0,0
DL,10-08-2024,756,N818DA,MSP,17:48:00,17:58:00,10,0,0,0,0,0
DL,10-08-2024,823,N876DN,ATL,16:52:00,16:39:00,-13,0,0,0,0,0
DL,10-08-2024,858,N805DN,MSP,20:37:00,20:40:00,3,0,0,0,0,0
DL,10-08-2024,884,N879DN,MSP,09:40:00,11:19:00,99,87,0,12,0,0
DL,10-08-2024,902,N575DN,SLC,12:37:00,14:21:00,104,104,0,0,0,0
DL,10-08-2024,916,N581NW,ATL,10:16:00,10:12:00,-4,0,0,0,0,0
DL,10-08-2024,920,N341NW,SLC,09:05:00,09:04:00,-1,0,0,0,0,0
DL,10-08-2024,977,N540DE,BOS,11:37:00,12:55:00,78,0,0,3,0,75
DL,10-08-2024,1088,N334NW,SLC,16:17:00,16:09:00,-8,0,0,0,0,0
DL,10-08-2024,1091,N302NB,SLC,00:04:00,00:04:00,0,0,0,0,0,0
DL,10-08-2024,1421,N886DN,LAX,08:11:00,08:01:00,-10,0,0,0,0,0
DL,10-08-2024,1559,N776DE,LAX,17:07:00,16:58:00,-9,0,0,0,0,0
DL,10-08-2024,1730,N390DA,SEA,00:05:00,23:49:00,-16,0,0,0,0,0
DL,10-08-2024,2054,N825DN,LAX,19:18:00,19:23:00,5,0,0,0,0,0
DL,10-08-2024,2074,N843DN,MSP,13:08:00,13:08:00,0,0,0,0,0,0
DL,10-08-2024,2078,N864DN,MSP,11:06:00,11:24:00,18,14,0,4,0,0
DL,10-08-2024,2239,N338NB,LAX,21:38:00,22:05:00,27,0,0,27,0,0
DL,10-08-2024,2267,N886DN,LAX,13:29:00,13:34:00,5,0,0,0,0,0
DL,10-08-2024,2272,N3769L,LAX,12:17:00,11:59:00,-18,0,0,0,0,0
DL,10-08-2024,2985,N101DU,SEA,12:13:00,13:03:00,50,50,0,0,0,0
DL,11-08-2024,314,N533DT,BOS,00:47:00,02:06:00,79,0,0,0,0,79
DL,11-08-2024,315,N704X,JFK,01:19:00,01:16:00,-3,0,0,0,0,0
DL,11-08-2024,340,N925DZ,ATL,20:42:00,20:26:00,-16,0,0,0,0,0
DL,11-08-2024,361,N581NW,DTW,10:30:00,10:43:00,13,0,0,0,0,0
DL,11-08-2024,399,N897DN,ATL,00:30:00,00:35:00,5,0,0,0,0,0
DL,11-08-2024,442,N868DN,DTW,17:46:00,17:49:00,3,0,0,0,0,0
DL,11-08-2024,469,N914DU,DTW,14:12:00,14:07:00,-5,0,0,0,0,0
DL,11-08-2024,475,N550DN,BOS,20:36:00,20:36:00,0,0,0,0,0,0
DL,11-08-2024,509,N894DN,DTW,21:45:00,22:07:00,22,0,0,22,0,0
DL,11-08-2024,517,N721TW,ATL,18:23:00,18:30:00,7,0,0,0,0,0
DL,11-08-2024,531,N585NW,ATL,12:16:00,12:15:00,-1,0,0,0,0,0
DL,11-08-2024,533,N596NW,ATL,13:47:00,13:54:00,7,0,0,0,0,0
DL,11-08-2024,545,N887DN,ATL,22:45:00,23:14:00,29,0,0,29,0,0
DL,11-08-2024,667,N711ZX,JFK,23:18:00,23:08:00,-10,0,0,0,0,0
DL,11-08-2024,668,N704X,JFK,10:16:00,10:14:00,-2,0,0,0,0,0
DL,11-08-2024,669,N713TW,JFK,12:23:00,12:18:00,-5,0,0,0,0,0
DL,11-08-2024,670,N722TW,JFK,20:53:00,21:05:00,12,0,0,0,0,0
DL,11-08-2024,679,N707TW,JFK,18:32:00,18:23:00,-9,0,0,0,0,0
DL,11-08-2024,680,N710TW,JFK,14:42:00,14:29:00,-13,0,0,0,0,0
DL,11-08-2024,756,N881DN,MSP,17:48:00,17:55:00,7,0,0,0,0,0
DL,11-08-2024,823,N876DN,ATL,16:52:00,16:39:00,-13,0,0,0,0,0
DL,11-08-2024,858,N812DN,MSP,20:37:00,20:40:00,3,0,0,0,0,0
DL,11-08-2024,884,N669DN,MSP,09:39:00,10:02:00,23,23,0,0,0,0
DL,11-08-2024,902,N514DE,SLC,12:37:00,15:16:00,159,134,0,25,0,0
DL,11-08-2024,916,N590NW,ATL,10:16:00,10:19:00,3,0,0,0,0,0
DL,11-08-2024,920,N334NW,SLC,09:05:00,08:52:00,-13,0,0,0,0,0
DL,11-08-2024,977,N544DN,BOS,11:37:00,11:42:00,5,0,0,0,0,0
DL,11-08-2024,1085,N862DN,SLC,21:50:00,23:26:00,96,15,0,16,0,65
DL,11-08-2024,1088,N320DU,SLC,16:26:00,16:29:00,3,0,0,0,0,0
DL,11-08-2024,1091,N370NB,SLC,00:04:00,23:57:00,-7,0,0,0,0,0
DL,11-08-2024,1321,N907DN,DTW,00:51:00,01:54:00,63,63,0,0,0,0
DL,11-08-2024,1421,N874DN,LAX,08:11:00,08:06:00,-5,0,0,0,0,0
DL,11-08-2024,1559,N351NW,LAX,16:44:00,16:26:00,-18,0,0,0,0,0
DL,11-08-2024,1730,N384DA,SEA,00:05:00,00:30:00,25,25,0,0,0,0
DL,11-08-2024,2054,N349NW,LAX,19:04:00,18:46:00,-18,0,0,0,0,0
DL,11-08-2024,2074,N911DQ,MSP,13:08:00,12:57:00,-11,0,0,0,0,0
DL,11-08-2024,2078,N891DN,MSP,11:06:00,10:59:00,-7,0,0,0,0,0
DL,11-08-2024,2089,N821DN,MSP,23:36:00,23:42:00,6,0,0,0,0,0
DL,11-08-2024,2239,N822DN,LAX,20:15:00,20:43:00,28,0,0,21,0,7
DL,11-08-2024,2267,N874DN,LAX,13:29:00,13:15:00,-14,0,0,0,0,0
DL,11-08-2024,2272,N351NW,LAX,11:54:00,11:31:00,-23,0,0,0,0,0
DL,11-08-2024,2985,N133DU,SEA,12:13:00,12:06:00,-7,0,0,0,0,0
DL,11-08-2024,2986,N375NC,LAX,23:49:00,23:47:00,-2,0,0,0,0,0
DL,12-08-2024,314,N501DA,BOS,00:47:00,00:31:00,-16,0,0,0,0,0
DL,12-08-2024,315,N707TW,JFK,01:19:00,01:37:00,18,0,0,18,0,0
DL,12-08-2024,340,N801DZ,ATL,20:42:00,20:29:00,-13,0,0,0,0,0
DL,12-08-2024,361,N585NW,DTW,10:30:00,10:24:00,-6,0,0,0,0,0
DL,12-08-2024,399,N922DZ,ATL,00:30:00,00:14:00,-16,0,0,0,0,0
DL,12-08-2024,442,N828DN,DTW,17:46:00,17:55:00,9,0,0,0,0,0
DL,12-08-2024,469,N892DN,DTW,14:12:00,14:23:00,11,0,0,0,0,0
DL,12-08-2024,475,N536DN,BOS,20:36:00,20:23:00,-13,0,0,0,0,0
DL,12-08-2024,509,N861DN,DTW,21:45:00,22:07:00,22,0,0,22,0,0
DL,12-08-2024,517,N721TW,ATL,18:23:00,18:16:00,-7,0,0,0,0,0
DL,12-08-2024,531,N591NW,ATL,12:16:00,12:12:00,-4,0,0,0,0,0
DL,12-08-2024,533,N581NW,ATL,13:47:00,14:02:00,15,0,0,15,0,0
DL,12-08-2024,545,N923DZ,ATL,22:45:00,23:25:00,40,40,0,0,0,0
DL,12-08-2024,667,N711ZX,JFK,23:18:00,23:08:00,-10,0,0,0,0,0
DL,12-08-2024,668,N707TW,JFK,10:16:00,10:13:00,-3,0,0,0,0,0
DL,12-08-2024,669,N722TW,JFK,12:23:00,12:22:00,-1,0,0,0,0,0
DL,12-08-2024,670,N704X,JFK,20:53:00,21:13:00,20,0,0,20,0,0
DL,12-08-2024,679,N702TW,JFK,18:32:00,18:45:00,13,0,0,0,0,0
DL,12-08-2024,680,N712TW,JFK,14:42:00,14:20:00,-22,0,0,0,0,0
DL,12-08-2024,756,N896DN,MSP,17:48:00,17:44:00,-4,0,0,0,0,0
DL,12-08-2024,823,N907DN,ATL,16:52:00,16:46:00,-6,0,0,0,0,0
DL,12-08-2024,858,N856DN,MSP,20:37:00,20:55:00,18,18,0,0,0,0
DL,12-08-2024,902,N505DZ,SLC,12:37:00,12:40:00,3,0,0,0,0,0
DL,12-08-2024,916,N592NW,ATL,10:16:00,10:20:00,4,0,0,0,0,0
DL,12-08-2024,920,N361NW,SLC,09:05:00,09:01:00,-4,0,0,0,0,0
DL,12-08-2024,977,N508DA,BOS,11:37:00,11:58:00,21,21,0,0,0,0
DL,12-08-2024,1085,N911DQ,SLC,21:50:00,21:53:00,3,0,0,0,0,0
DL,12-08-2024,1088,N312DU,SLC,16:26:00,16:55:00,29,0,21,8,0,0
DL,12-08-2024,1091,N350NA,SLC,00:04:00,02:07:00,123,0,0,0,0,123
DL,12-08-2024,1421,N868DN,LAX,08:11:00,08:05:00,-6,0,0,0,0,0
DL,12-08-2024,1559,N376NW,LAX,16:44:00,16:29:00,-15,0,0,0,0,0
DL,12-08-2024,1730,N393DA,SEA,00:05:00,11:07:00,0,0,0,0,0,0
DL,12-08-2024,2054,N375NC,LAX,19:04:00,18:49:00,-15,0,0,0,0,0
DL,12-08-2024,2074,N838DN,MSP,13:08:00,12:57:00,-11,0,0,0,0,0
DL,12-08-2024,2078,N849DN,MSP,11:06:00,11:01:00,-5,0,0,0,0,0
DL,12-08-2024,2089,N880DN,MSP,23:36:00,23:37:00,1,0,0,0,0,0
DL,12-08-2024,2239,N815DN,LAX,20:15:00,20:11:00,-4,0,0,0,0,0
DL,12-08-2024,2267,N868DN,LAX,13:29:00,13:18:00,-11,0,0,0,0,0
DL,12-08-2024,2272,N376NW,LAX,11:54:00,11:45:00,-9,0,0,0,0,0
DL,12-08-2024,2985,N143DU,SEA,12:13:00,12:19:00,6,0,0,0,0,0
DL,12-08-2024,2986,N375NC,LAX,23:49:00,23:47:00,-2,0,0,0,0,0
DL,13-08-2024,315,N721TW,JFK,01:19:00,01:05:00,-14,0,0,0,0,0
DL,13-08-2024,340,N901DN,ATL,20:42:00,20:30:00,-12,0,0,0,0,0
DL,13-08-2024,361,N596NW,DTW,10:30:00,11:14:00,44,35,0,9,0,0
DL,13-08-2024,442,N854DN,DTW,17:46:00,17:44:00,-2,0,0,0,0,0
DL,13-08-2024,469,N909DN,DTW,14:12:00,14:41:00,29,25,0,4,0,0
DL,13-08-2024,475,N529DT,BOS,21:45:00,21:29:00,-16,0,0,0,0,0
DL,13-08-2024,509,N891DN,DTW,21:46:00,21:48:00,2,0,0,0,0,0
DL,13-08-2024,517,N707TW,ATL,18:23:00,18:10:00,-13,0,0,0,0,0
DL,13-08-2024,531,N590NW,ATL,12:16:00,12:02:00,-14,0,0,0,0,0
DL,13-08-2024,533,N589NW,ATL,13:47:00,14:15:00,28,0,0,28,0,0
DL,13-08-2024,656,N883DN,ATL,23:24:00,23:20:00,-4,0,0,0,0,0
DL,13-08-2024,667,N704X,JFK,23:18:00,23:40:00,22,0,0,22,0,0
DL,13-08-2024,668,N721TW,JFK,10:16:00,10:01:00,-15,0,0,0,0,0
DL,13-08-2024,669,N702TW,JFK,12:23:00,12:31:00,8,0,0,0,0,0
DL,13-08-2024,670,N711ZX,JFK,20:53:00,21:12:00,19,0,0,19,0,0
DL,13-08-2024,679,N723TW,JFK,18:32:00,21:52:00,200,200,0,0,0,0
DL,13-08-2024,680,N706TW,JFK,14:42:00,14:30:00,-12,0,0,0,0,0
DL,13-08-2024,756,N865DN,MSP,17:48:00,17:46:00,-2,0,0,0,0,0
DL,13-08-2024,823,N841DN,ATL,16:52:00,16:51:00,-1,0,0,0,0,0
DL,13-08-2024,858,N801DZ,MSP,20:47:00,21:19:00,32,25,0,7,0,0
DL,13-08-2024,902,N572DT,SLC,12:37:00,12:39:00,2,0,0,0,0,0
DL,13-08-2024,916,N592NW,ATL,10:16:00,10:20:00,4,0,0,0,0,0
DL,13-08-2024,920,N334NW,SLC,09:05:00,08:52:00,-13,0,0,0,0,0
DL,13-08-2024,977,N543DE,BOS,11:37:00,11:55:00,18,0,0,18,0,0
DL,13-08-2024,1085,N868DN,SLC,21:50:00,22:04:00,14,0,0,0,0,0
DL,13-08-2024,1088,N120DU,SLC,16:26:00,16:18:00,-8,0,0,0,0,0
DL,13-08-2024,1091,N346NB,SLC,00:04:00,01:29:00,85,2,0,0,0,83
DL,13-08-2024,1421,N873DN,LAX,08:11:00,07:56:00,-15,0,0,0,0,0
DL,13-08-2024,1559,N349NW,LAX,16:44:00,16:35:00,-9,0,0,0,0,0
DL,13-08-2024,1562,N112DU,SEA,09:27:00,09:37:00,10,0,0,0,0,0
DL,13-08-2024,1591,N112DU,SEA,15:47:00,15:40:00,-7,0,0,0,0,0
DL,13-08-2024,1730,N3769L,SEA,00:05:00,23:58:00,-7,0,0,0,0,0
DL,13-08-2024,2054,N375NC,LAX,19:04:00,19:09:00,5,0,0,0,0,0
DL,13-08-2024,2074,N851DN,MSP,13:08:00,13:05:00,-3,0,0,0,0,0
DL,13-08-2024,2078,N819DN,MSP,11:06:00,10:59:00,-7,0,0,0,0,0
DL,13-08-2024,2239,N874DN,LAX,20:15:00,20:12:00,-3,0,0,0,0,0
DL,13-08-2024,2267,N873DN,LAX,13:29:00,13:39:00,10,0,0,0,0,0
DL,13-08-2024,2272,N349NW,LAX,11:54:00,11:35:00,-19,0,0,0,0,0
DL,13-08-2024,2985,N113DQ,SEA,12:13:00,12:11:00,-2,0,0,0,0,0
DL,13-08-2024,2986,N375NC,LAX,23:49:00,01:12:00,83,83,0,0,0,0
DL,14-08-2024,315,N712TW,JFK,01:19:00,00:47:00,-32,0,0,0,0,0
DL,14-08-2024,340,N903DN,ATL,20:42:00,20:31:00,-11,0,0,0,0,0
DL,14-08-2024,361,N591NW,DTW,10:30:00,10:25:00,-5,0,0,0,0,0
DL,14-08-2024,442,N866DN,DTW,17:46:00,17:43:00,-3,0,0,0,0,0
DL,14-08-2024,469,N919DU,DTW,14:12:00,14:03:00,-9,0,0,0,0,0
DL,14-08-2024,475,N528DE,BOS,21:45:00,21:02:00,-43,0,0,0,0,0
DL,14-08-2024,509,N814DN,DTW,21:46:00,21:59:00,13,0,0,0,0,0
DL,14-08-2024,517,N704X,ATL,18:23:00,18:26:00,3,0,0,0,0,0
DL,14-08-2024,531,N6713Y,ATL,12:16:00,12:16:00,0,0,0,0,0,0
DL,14-08-2024,533,N596NW,ATL,13:47:00,13:42:00,-5,0,0,0,0,0
DL,14-08-2024,656,N918DU,ATL,23:24:00,23:16:00,-8,0,0,0,0,0
DL,14-08-2024,667,N723TW,JFK,23:18:00,00:05:00,47,47,0,0,0,0
DL,14-08-2024,668,N718TW,JFK,10:16:00,10:15:00,-1,0,0,0,0,0
DL,14-08-2024,669,N711ZX,JFK,12:23:00,13:34:00,71,69,0,2,0,0
DL,14-08-2024,670,N721TW,JFK,20:53:00,20:46:00,-7,0,0,0,0,0
DL,14-08-2024,679,N707TW,JFK,18:32:00,18:00:00,-32,0,0,0,0,0
DL,14-08-2024,680,N727TW,JFK,14:42:00,14:31:00,-11,0,0,0,0,0
DL,14-08-2024,756,N863DN,MSP,17:48:00,17:52:00,4,0,0,0,0,0
DL,14-08-2024,823,N879DN,ATL,16:52:00,16:37:00,-15,0,0,0,0,0
DL,14-08-2024,858,N881DN,MSP,20:37:00,20:28:00,-9,0,0,0,0,0
DL,14-08-2024,902,N540DE,SLC,12:37:00,12:40:00,3,0,0,0,0,0
DL,14-08-2024,916,N589NW,ATL,10:16:00,10:09:00,-7,0,0,0,0,0
DL,14-08-2024,920,N339NW,SLC,09:05:00,08:57:00,-8,0,0,0,0,0
DL,14-08-2024,977,N521DT,BOS,11:37:00,11:26:00,-11,0,0,0,0,0
DL,14-08-2024,1085,N904DN,SLC,21:50:00,21:45:00,-5,0,0,0,0,0
DL,14-08-2024,1088,N115DU,SLC,16:26:00,16:32:00,6,0,0,0,0,0
DL,14-08-2024,1091,N366NB,SLC,00:04:00,00:10:00,6,0,0,0,0,0
DL,14-08-2024,1421,N885DN,LAX,08:11:00,07:53:00,-18,0,0,0,0,0
DL,14-08-2024,1559,N354NW,LAX,16:44:00,16:41:00,-3,0,0,0,0,0
DL,14-08-2024,1730,N3745B,SEA,00:05:00,23:49:00,-16,0,0,0,0,0
DL,14-08-2024,2054,N375NC,LAX,19:04:00,18:44:00,-20,0,0,0,0,0
DL,14-08-2024,2074,N818DA,MSP,13:08:00,13:51:00,43,37,0,0,0,6
DL,14-08-2024,2078,N878DN,MSP,11:06:00,10:51:00,-15,0,0,0,0,0
DL,14-08-2024,2089,N923DZ,MSP,23:36:00,23:37:00,1,0,0,0,0,0
DL,14-08-2024,2239,N858DZ,LAX,20:15:00,20:17:00,2,0,0,0,0,0
DL,14-08-2024,2267,N885DN,LAX,13:29:00,13:13:00,-16,0,0,0,0,0
DL,14-08-2024,2272,N354NW,LAX,11:54:00,11:38:00,-16,0,0,0,0,0
DL,14-08-2024,2985,N133DU,SEA,12:13:00,12:00:00,-13,0,0,0,0,0
DL,14-08-2024,2986,N350NA,LAX,23:49:00,00:26:00,37,0,0,17,0,20
DL,15-08-2024,314,N505DZ,BOS,00:47:00,00:40:00,-7,0,0,0,0,0
DL,15-08-2024,315,N707TW,JFK,01:19:00,01:05:00,-14,0,0,0,0,0
DL,15-08-2024,340,N912DU,ATL,20:42:00,20:37:00,-5,0,0,0,0,0
DL,15-08-2024,361,N591NW,DTW,10:30:00,10:29:00,-1,0,0,0,0,0
DL,15-08-2024,399,N922DZ,ATL,00:30:00,00:13:00,-17,0,0,0,0,0
DL,15-08-2024,442,N866DN,DTW,17:46:00,17:49:00,3,0,0,0,0,0
DL,15-08-2024,469,N833DN,DTW,14:12:00,14:11:00,-1,0,0,0,0,0
DL,15-08-2024,475,N523DE,BOS,20:36:00,21:27:00,51,0,7,8,0,36
DL,15-08-2024,509,N923DZ,DTW,21:45:00,22:15:00,30,0,0,19,0,11
DL,15-08-2024,517,N704X,ATL,18:23:00,18:26:00,3,0,0,0,0,0
DL,15-08-2024,531,N582NW,ATL,12:16:00,12:07:00,-9,0,0,0,0,0
DL,15-08-2024,533,N592NW,ATL,13:47:00,14:33:00,46,46,0,0,0,0
DL,15-08-2024,545,N863DN,ATL,22:45:00,22:52:00,7,0,0,0,0,0
DL,15-08-2024,667,N723TW,JFK,23:18:00,22:41:00,-37,0,0,0,0,0
DL,15-08-2024,668,N707TW,JFK,10:16:00,10:12:00,-4,0,0,0,0,0
DL,15-08-2024,669,N722TW,JFK,12:23:00,12:22:00,-1,0,0,0,0,0
DL,15-08-2024,670,N712TW,JFK,20:53:00,20:23:00,-30,0,0,0,0,0
DL,15-08-2024,679,N703TW,JFK,18:32:00,18:03:00,-29,0,0,0,0,0
DL,15-08-2024,680,N709TW,JFK,14:42:00,14:27:00,-15,0,0,0,0,0
DL,15-08-2024,756,N856DN,MSP,17:48:00,17:40:00,-8,0,0,0,0,0
DL,15-08-2024,823,N814DN,ATL,16:52:00,16:50:00,-2,0,0,0,0,0
DL,15-08-2024,858,N900DU,MSP,20:37:00,20:29:00,-8,0,0,0,0,0
DL,15-08-2024,902,N531DA,SLC,12:37:00,12:31:00,-6,0,0,0,0,0
DL,15-08-2024,916,N596NW,ATL,10:16:00,10:28:00,12,0,0,0,0,0
DL,15-08-2024,920,N367NW,SLC,09:05:00,08:53:00,-12,0,0,0,0,0
DL,15-08-2024,977,N506DA,BOS,11:37:00,12:40:00,63,63,0,0,0,0
DL,15-08-2024,1085,N813DN,SLC,21:50:00,21:52:00,2,0,0,0,0,0
DL,15-08-2024,1088,N312DU,SLC,16:26:00,16:31:00,5,0,0,0,0,0
DL,15-08-2024,1091,N354NB,SLC,00:04:00,00:08:00,4,0,0,0,0,0
DL,15-08-2024,1421,N908DN,LAX,08:11:00,07:53:00,-18,0,0,0,0,0
DL,15-08-2024,1559,N547DE,LAX,16:44:00,16:31:00,-13,0,0,0,0,0
DL,15-08-2024,1730,N3769L,SEA,00:05:00,23:56:00,-9,0,0,0,0,0
DL,15-08-2024,2054,N353NW,LAX,19:04:00,19:21:00,17,0,0,0,0,17
DL,15-08-2024,2074,N925DZ,MSP,13:08:00,13:06:00,-2,0,0,0,0,0
DL,15-08-2024,2078,N825DN,MSP,11:06:00,11:20:00,14,0,0,0,0,0
DL,15-08-2024,2089,N886DN,MSP,23:36:00,23:59:00,23,19,0,4,0,0
DL,15-08-2024,2239,N924DZ,LAX,20:15:00,20:05:00,-10,0,0,0,0,0
DL,15-08-2024,2267,N908DN,LAX,13:29:00,13:08:00,-21,0,0,0,0,0
DL,15-08-2024,2272,N374NW,LAX,11:54:00,11:27:00,-27,0,0,0,0,0
DL,15-08-2024,2985,N116DU,SEA,12:13:00,11:55:00,-18,0,0,0,0,0
DL,15-08-2024,2986,N369NW,LAX,23:49:00,23:51:00,2,0,0,0,0,0
DL,16-08-2024,314,N538DN,BOS,00:47:00,00:48:00,1,0,0,0,0,0
DL,16-08-2024,315,N703TW,JFK,01:19:00,01:45:00,26,0,0,26,0,0
DL,16-08-2024,340,N852DN,ATL,20:42:00,20:49:00,7,0,0,0,0,0
DL,16-08-2024,361,N581NW,DTW,10:30:00,11:17:00,47,0,0,47,0,0
DL,16-08-2024,399,N862DN,ATL,00:30:00,01:33:00,63,0,0,63,0,0
DL,16-08-2024,442,N804DN,DTW,17:46:00,17:53:00,7,0,0,0,0,0
DL,16-08-2024,469,N805DN,DTW,14:12:00,14:29:00,17,0,0,17,0,0
DL,16-08-2024,475,N580DT,BOS,20:36:00,20:01:00,-35,0,0,0,0,0
DL,16-08-2024,509,N886DN,DTW,21:45:00,22:37:00,52,11,0,2,0,39
DL,16-08-2024,517,N712TW,ATL,18:23:00,18:00:00,-23,0,0,0,0,0
DL,16-08-2024,531,N582NW,ATL,12:16:00,12:07:00,-9,0,0,0,0,0
DL,16-08-2024,533,N590NW,ATL,13:47:00,13:46:00,-1,0,0,0,0,0
DL,16-08-2024,545,N864DN,ATL,22:45:00,00:18:00,93,21,0,72,0,0
DL,16-08-2024,667,N707TW,JFK,23:18:00,23:06:00,-12,0,0,0,0,0
DL,16-08-2024,668,N703TW,JFK,10:16:00,10:32:00,16,0,0,16,0,0
DL,16-08-2024,669,N704X,JFK,12:23:00,12:36:00,13,0,0,0,0,0
DL,16-08-2024,670,N723TW,JFK,20:53:00,20:47:00,-6,0,0,0,0,0
DL,16-08-2024,679,N727TW,JFK,18:32:00,18:12:00,-20,0,0,0,0,0
DL,16-08-2024,680,N711ZX,JFK,14:42:00,14:34:00,-8,0,0,0,0,0
DL,16-08-2024,756,N854DN,MSP,17:48:00,18:11:00,23,0,0,7,0,16
DL,16-08-2024,823,N922DZ,ATL,16:52:00,16:50:00,-2,0,0,0,0,0
DL,16-08-2024,858,N847DN,MSP,20:37:00,21:14:00,37,0,0,29,0,8
DL,16-08-2024,902,N521DT,SLC,12:37:00,12:35:00,-2,0,0,0,0,0
DL,16-08-2024,916,N589NW,ATL,10:16:00,10:22:00,6,0,0,0,0,0
DL,16-08-2024,920,N339NW,SLC,09:05:00,08:58:00,-7,0,0,0,0,0
DL,16-08-2024,977,N573DT,BOS,11:37:00,12:38:00,61,61,0,0,0,0
DL,16-08-2024,1085,N925DZ,SLC,21:50:00,21:52:00,2,0,0,0,0,0
DL,16-08-2024,1088,N310DU,SLC,16:26:00,16:22:00,-4,0,0,0,0,0
DL,16-08-2024,1091,N370NB,SLC,00:04:00,00:53:00,49,28,0,21,0,0
DL,16-08-2024,1421,N810DN,LAX,08:11:00,08:07:00,-4,0,0,0,0,0
DL,16-08-2024,1559,N341NW,LAX,16:44:00,16:43:00,-1,0,0,0,0,0
DL,16-08-2024,1730,N37700,SEA,00:05:00,00:55:00,50,50,0,0,0,0
DL,16-08-2024,2054,N369NW,LAX,19:04:00,18:47:00,-17,0,0,0,0,0
DL,16-08-2024,2074,N929DZ,MSP,13:08:00,13:11:00,3,0,0,0,0,0
DL,16-08-2024,2078,N910DU,MSP,11:06:00,11:46:00,40,1,0,14,0,25
DL,16-08-2024,2089,N817DN,MSP,23:36:00,00:36:00,60,0,0,40,0,20
DL,16-08-2024,2239,N930DZ,LAX,20:15:00,20:04:00,-11,0,0,0,0,0
DL,16-08-2024,2267,N810DN,LAX,13:29:00,13:37:00,8,0,0,0,0,0
DL,16-08-2024,2272,N341NW,LAX,11:54:00,11:31:00,-23,0,0,0,0,0
DL,16-08-2024,2985,N126DU,SEA,12:13:00,11:54:00,-19,0,0,0,0,0
DL,16-08-2024,2986,N351NW,LAX,23:49:00,00:10:00,21,2,0,0,0,19
DL,17-08-2024,340,N850DN,ATL,20:46:00,21:45:00,59,47,0,12,0,0
DL,17-08-2024,361,N591NW,DTW,10:30:00,10:38:00,8,0,0,0,0,0
DL,17-08-2024,442,N312DN,DTW,17:55:00,17:55:00,0,0,0,0,0,0
DL,17-08-2024,469,N811DZ,DTW,14:13:00,14:44:00,31,0,0,31,0,0
DL,17-08-2024,475,N537DT,BOS,22:48:00,22:22:00,-26,0,0,0,0,0
DL,17-08-2024,509,N873DN,DTW,22:43:00,23:03:00,20,20,0,0,0,0
DL,17-08-2024,531,N582NW,ATL,12:16:00,13:35:00,79,79,0,0,0,0
DL,17-08-2024,533,N702TW,ATL,13:48:00,13:48:00,0,0,0,0,0,0
DL,17-08-2024,545,N815DN,ATL,22:48:00,23:23:00,35,0,0,35,0,0
DL,17-08-2024,667,N713TW,JFK,23:18:00,23:30:00,12,0,0,0,0,0
DL,17-08-2024,668,N711ZX,JFK,10:48:00,10:51:00,3,0,0,0,0,0
DL,17-08-2024,670,N727TW,JFK,20:53:00,23:41:00,168,168,0,0,0,0
DL,17-08-2024,679,N707TW,JFK,18:32:00,21:36:00,184,184,0,0,0,0
DL,17-08-2024,680,N704X,JFK,13:42:00,14:29:00,47,0,0,47,0,0
DL,17-08-2024,756,N812DN,MSP,17:48:00,18:04:00,16,4,0,8,0,4
DL,17-08-2024,823,N925DZ,ATL,17:01:00,16:59:00,-2,0,0,0,0,0
DL,17-08-2024,858,N892DN,MSP,20:37:00,20:40:00,3,0,0,0,0,0
DL,17-08-2024,902,N543DE,SLC,12:37:00,13:21:00,44,0,0,44,0,0
DL,17-08-2024,916,N586NW,ATL,10:16:00,10:13:00,-3,0,0,0,0,0
DL,17-08-2024,920,N362NW,SLC,09:05:00,11:28:00,143,143,0,0,0,0
DL,17-08-2024,977,N580DT,BOS,11:37:00,11:25:00,-12,0,0,0,0,0
DL,17-08-2024,1088,N905DN,SLC,16:17:00,16:25:00,8,0,0,0,0,0
DL,17-08-2024,1091,N322NB,SLC,00:04:00,00:20:00,16,0,0,16,0,0
DL,17-08-2024,1421,N837DN,LAX,08:11:00,07:58:00,-13,0,0,0,0,0
DL,17-08-2024,1559,N541DE,LAX,17:07:00,17:17:00,10,0,0,0,0,0
DL,17-08-2024,1730,N3747D,SEA,00:05:00,01:34:00,89,0,83,6,0,0
DL,17-08-2024,2054,N811DZ,LAX,19:18:00,19:36:00,18,0,0,0,0,18
DL,17-08-2024,2074,N884DN,MSP,13:08:00,13:47:00,39,0,0,39,0,0
DL,17-08-2024,2078,N858DZ,MSP,11:06:00,11:29:00,23,0,0,23,0,0
DL,17-08-2024,2239,N337NB,LAX,21:38:00,22:49:00,71,71,0,0,0,0
DL,17-08-2024,2267,N837DN,LAX,13:29:00,13:47:00,18,0,0,18,0,0
DL,17-08-2024,2272,N541DE,LAX,12:17:00,12:26:00,9,0,0,0,0,0
DL,17-08-2024,2985,N111NG,SEA,12:13:00,13:32:00,79,26,0,0,0,53
DL,18-08-2024,314,N543DE,BOS,00:47:00,01:25:00,38,0,0,5,0,33
DL,18-08-2024,315,N6708D,JFK,01:19:00,12:28:00,669,669,0,0,0,0
DL,18-08-2024,340,N873DN,ATL,20:42:00,20:57:00,15,0,15,0,0,0
DL,18-08-2024,361,N584NW,DTW,10:30:00,12:05:00,95,83,0,12,0,0
DL,18-08-2024,399,N830DN,ATL,00:30:00,00:35:00,5,0,0,0,0,0
DL,18-08-2024,442,N861DN,DTW,17:46:00,17:43:00,-3,0,0,0,0,0
DL,18-08-2024,469,N866DN,DTW,14:12:00,14:30:00,18,0,0,18,0,0
DL,18-08-2024,475,N580DT,BOS,20:36:00,21:42:00,66,42,0,24,0,0
DL,18-08-2024,509,N903DN,DTW,21:45:00,21:36:00,-9,0,0,0,0,0
DL,18-08-2024,517,N703TW,ATL,18:23:00,19:01:00,38,0,0,38,0,0
DL,18-08-2024,531,N593NW,ATL,12:16:00,11:58:00,-18,0,0,0,0,0
DL,18-08-2024,533,N587NW,ATL,13:47:00,14:09:00,22,0,0,22,0,0
DL,18-08-2024,545,N912DU,ATL,22:45:00,23:43:00,58,0,42,0,0,16
DL,18-08-2024,667,N713TW,JFK,23:18:00,00:27:00,69,0,0,48,0,21
DL,18-08-2024,668,N706TW,JFK,10:16:00,10:16:00,0,0,0,0,0,0
DL,18-08-2024,669,N702TW,JFK,12:23:00,13:33:00,70,0,0,70,0,0
DL,18-08-2024,670,N707TW,JFK,20:53:00,22:14:00,81,0,0,81,0,0
DL,18-08-2024,679,N709TW,JFK,18:32:00,18:40:00,8,0,0,0,0,0
DL,18-08-2024,680,N712TW,JFK,14:42:00,14:50:00,8,0,0,0,0,0
DL,18-08-2024,756,N921DU,MSP,17:48:00,17:44:00,-4,0,0,0,0,0
DL,18-08-2024,823,N815DN,ATL,16:52:00,16:30:00,-22,0,0,0,0,0
DL,18-08-2024,858,N805DN,MSP,20:37:00,20:40:00,3,0,0,0,0,0
DL,18-08-2024,902,N506DA,SLC,12:37:00,12:57:00,20,0,0,20,0,0
DL,18-08-2024,916,N581NW,ATL,10:16:00,11:05:00,49,49,0,0,0,0
DL,18-08-2024,920,N350NA,SLC,09:05:00,08:52:00,-13,0,0,0,0,0
DL,18-08-2024,977,N509DT,BOS,11:37:00,11:34:00,-3,0,0,0,0,0
DL,18-08-2024,1085,N807DN,SLC,21:50:00,22:00:00,10,0,0,0,0,0
DL,18-08-2024,1088,N126DU,SLC,16:26:00,16:41:00,15,3,0,0,0,12
DL,18-08-2024,1091,N353NB,SLC,00:04:00,23:45:00,-19,0,0,0,0,0
DL,18-08-2024,1421,N865DN,LAX,08:11:00,09:10:00,59,59,0,0,0,0
DL,18-08-2024,1559,N368NW,LAX,16:44:00,18:06:00,82,0,0,0,0,82
DL,18-08-2024,1730,N3745B,SEA,00:05:00,00:15:00,10,0,0,0,0,0
DL,18-08-2024,2054,N331NW,LAX,19:04:00,19:10:00,6,0,0,0,0,0
DL,18-08-2024,2074,N812DN,MSP,13:08:00,13:09:00,1,0,0,0,0,0
DL,18-08-2024,2078,N901DN,MSP,11:06:00,11:13:00,7,0,0,0,0,0
DL,18-08-2024,2089,N850DN,MSP,23:36:00,00:37:00,61,0,0,0,0,61
DL,18-08-2024,2239,N835DN,LAX,20:15:00,20:38:00,23,23,0,0,0,0
DL,18-08-2024,2267,N926DZ,LAX,13:29:00,13:48:00,19,0,0,19,0,0
DL,18-08-2024,2272,N368NW,LAX,11:54:00,13:34:00,100,4,0,0,0,96
DL,18-08-2024,2985,N122DU,SEA,12:13:00,12:04:00,-9,0,0,0,0,0
DL,18-08-2024,2986,N340NW,LAX,23:49:00,00:13:00,24,0,0,5,0,19
DL,19-08-2024,314,N535DN,BOS,00:47:00,03:04:00,137,0,0,25,0,112
DL,19-08-2024,315,N703TW,JFK,01:19:00,01:47:00,28,5,0,18,0,5
DL,19-08-2024,340,N807DN,ATL,20:42:00,20:27:00,-15,0,0,0,0,0
DL,19-08-2024,361,N584NW,DTW,10:30:00,10:31:00,1,0,0,0,0,0
DL,19-08-2024,399,N881DN,ATL,00:30:00,00:11:00,-19,0,0,0,0,0
DL,19-08-2024,442,N861DN,DTW,17:46:00,17:36:00,-10,0,0,0,0,0
DL,19-08-2024,469,N911DQ,DTW,14:12:00,14:22:00,10,0,0,0,0,0
DL,19-08-2024,475,N543DE,BOS,20:36:00,20:38:00,2,0,0,0,0,0
DL,19-08-2024,509,N912DU,DTW,21:45:00,21:37:00,-8,0,0,0,0,0
DL,19-08-2024,517,N689DL,ATL,18:23:00,19:14:00,51,0,0,51,0,0
DL,19-08-2024,531,N583NW,ATL,12:16:00,12:21:00,5,0,0,0,0,0
DL,19-08-2024,533,N582NW,ATL,13:47:00,14:21:00,34,0,0,34,0,0
DL,19-08-2024,545,N930DZ,ATL,22:45:00,22:26:00,-19,0,0,0,0,0
DL,19-08-2024,667,N713TW,JFK,23:18:00,00:09:00,51,14,0,31,0,6
DL,19-08-2024,668,N703TW,JFK,10:16:00,10:07:00,-9,0,0,0,0,0
DL,19-08-2024,669,N707TW,JFK,12:23:00,12:24:00,1,0,0,0,0,0
DL,19-08-2024,670,N706TW,JFK,20:53:00,23:13:00,140,115,0,25,0,0
DL,19-08-2024,679,N705TW,JFK,18:32:00,17:59:00,-33,0,0,0,0,0
DL,19-08-2024,680,N702TW,JFK,14:42:00,15:52:00,70,16,0,0,0,54
DL,19-08-2024,756,N889DN,MSP,17:48:00,17:43:00,-5,0,0,0,0,0
DL,19-08-2024,823,N830DN,ATL,16:52:00,16:41:00,-11,0,0,0,0,0
DL,19-08-2024,858,N863DN,MSP,20:37:00,20:29:00,-8,0,0,0,0,0
DL,19-08-2024,902,N513DA,SLC,12:37:00,12:30:00,-7,0,0,0,0,0
DL,19-08-2024,916,N587NW,ATL,10:16:00,10:11:00,-5,0,0,0,0,0
DL,19-08-2024,920,N350NA,SLC,09:05:00,08:54:00,-11,0,0,0,0,0
DL,19-08-2024,977,N507DZ,BOS,11:37:00,11:54:00,17,15,0,0,0,2
DL,19-08-2024,1085,N812DN,SLC,21:50:00,22:07:00,17,0,0,17,0,0
DL,19-08-2024,1088,N307DU,SLC,16:26:00,16:38:00,12,0,0,0,0,0
DL,19-08-2024,1091,N318NB,SLC,00:04:00,23:56:00,-8,0,0,0,0,0
DL,19-08-2024,1421,N894DN,LAX,08:11:00,08:51:00,40,40,0,0,0,0
DL,19-08-2024,1559,N362NW,LAX,16:44:00,17:01:00,17,0,0,0,0,17
DL,19-08-2024,1730,N3764D,SEA,00:05:00,23:56:00,-9,0,0,0,0,0
DL,19-08-2024,2054,N340NW,LAX,19:04:00,18:45:00,-19,0,0,0,0,0
DL,19-08-2024,2074,N865DN,MSP,13:08:00,12:52:00,-16,0,0,0,0,0
DL,19-08-2024,2078,N818DA,MSP,11:06:00,10:58:00,-8,0,0,0,0,0
DL,19-08-2024,2089,N815DN,MSP,23:36:00,00:12:00,36,0,0,0,0,36
DL,19-08-2024,2239,N920DU,LAX,20:15:00,20:45:00,30,0,0,30,0,0
DL,19-08-2024,2267,N894DN,LAX,13:29:00,13:56:00,27,0,0,27,0,0
DL,19-08-2024,2272,N362NW,LAX,11:54:00,11:27:00,-27,0,0,0,0,0
DL,19-08-2024,2985,N118DU,SEA,12:13:00,12:09:00,-4,0,0,0,0,0
DL,19-08-2024,2986,N340NW,LAX,23:49:00,23:20:00,-29,0,0,0,0,0
DL,20-08-2024,315,N705TW,JFK,01:19:00,01:13:00,-6,0,0,0,0,0
DL,20-08-2024,340,N813DN,ATL,20:42:00,21:03:00,21,21,0,0,0,0
DL,20-08-2024,361,N595NW,DTW,10:30:00,11:02:00,32,32,0,0,0,0
DL,20-08-2024,442,N804DN,DTW,17:46:00,19:17:00,91,85,0,6,0,0
DL,20-08-2024,469,N803DN,DTW,14:12:00,14:19:00,7,0,0,0,0,0
DL,20-08-2024,475,N533DT,BOS,21:45:00,21:19:00,-26,0,0,0,0,0
DL,20-08-2024,509,N807DN,DTW,21:46:00,21:45:00,-1,0,0,0,0,0
DL,20-08-2024,517,N6716C,ATL,18:23:00,18:14:00,-9,0,0,0,0,0
DL,20-08-2024,531,N593NW,ATL,12:16:00,12:27:00,11,0,0,0,0,0
DL,20-08-2024,533,N584NW,ATL,13:47:00,13:44:00,-3,0,0,0,0,0
DL,20-08-2024,656,N844DN,ATL,23:24:00,23:51:00,27,13,0,14,0,0
DL,20-08-2024,667,N703TW,JFK,23:18:00,23:19:00,1,0,0,0,0,0
DL,20-08-2024,668,N705TW,JFK,10:16:00,10:13:00,-3,0,0,0,0,0
DL,20-08-2024,669,N702TW,JFK,12:23:00,12:02:00,-21,0,0,0,0,0
DL,20-08-2024,670,N713TW,JFK,20:53:00,20:39:00,-14,0,0,0,0,0
DL,20-08-2024,679,N707TW,JFK,18:32:00,18:02:00,-30,0,0,0,0,0
DL,20-08-2024,680,N723TW,JFK,14:42:00,14:28:00,-14,0,0,0,0,0
DL,20-08-2024,756,N822DN,MSP,17:48:00,17:50:00,2,0,0,0,0,0
DL,20-08-2024,823,N819DN,ATL,16:52:00,17:10:00,18,14,0,4,0,0
DL,20-08-2024,858,N855DN,MSP,20:37:00,20:24:00,-13,0,0,0,0,0
DL,20-08-2024,902,N524DE,SLC,12:37:00,12:43:00,6,0,0,0,0,0
DL,20-08-2024,916,N582NW,ATL,10:16:00,10:09:00,-7,0,0,0,0,0
DL,20-08-2024,920,N356NW,SLC,09:05:00,09:07:00,2,0,0,0,0,0
DL,20-08-2024,977,N506DA,BOS,11:37:00,11:32:00,-5,0,0,0,0,0
DL,20-08-2024,1085,N858DZ,SLC,21:50:00,21:44:00,-6,0,0,0,0,0
DL,20-08-2024,1088,N145DQ,SLC,16:26:00,16:34:00,8,0,0,0,0,0
DL,20-08-2024,1091,N318NB,SLC,00:04:00,00:09:00,5,0,0,0,0,0
DL,20-08-2024,1421,N887DN,LAX,08:11:00,07:53:00,-18,0,0,0,0,0
DL,20-08-2024,1559,N357NW,LAX,16:44:00,16:25:00,-19,0,0,0,0,0
DL,20-08-2024,1730,N3765,SEA,00:05:00,23:51:00,-14,0,0,0,0,0
DL,20-08-2024,2054,N340NW,LAX,19:04:00,18:57:00,-7,0,0,0,0,0
DL,20-08-2024,2074,N908DN,MSP,13:08:00,12:54:00,-14,0,0,0,0,0
DL,20-08-2024,2078,N854DN,MSP,11:06:00,10:54:00,-12,0,0,0,0,0
DL,20-08-2024,2239,N867DN,LAX,20:15:00,20:12:00,-3,0,0,0,0,0
DL,20-08-2024,2267,N887DN,LAX,13:29:00,13:10:00,-19,0,0,0,0,0
DL,20-08-2024,2272,N357NW,LAX,11:54:00,11:34:00,-20,0,0,0,0,0
DL,20-08-2024,2985,N115DU,SEA,12:13:00,11:54:00,-19,0,0,0,0,0
DL,20-08-2024,2986,N367NW,LAX,23:49:00,23:28:00,-21,0,0,0,0,0
DL,21-08-2024,315,N707TW,JFK,01:19:00,01:07:00,-12,0,0,0,0,0
DL,21-08-2024,340,N884DN,ATL,20:42:00,20:27:00,-15,0,0,0,0,0
DL,21-08-2024,361,N582NW,DTW,10:30:00,10:18:00,-12,0,0,0,0,0
DL,21-08-2024,442,N880DN,DTW,17:46:00,17:35:00,-11,0,0,0,0,0
DL,21-08-2024,469,N858DZ,DTW,14:12:00,14:04:00,-8,0,0,0,0,0
DL,21-08-2024,475,N502DX,BOS,21:45:00,21:16:00,-29,0,0,0,0,0
DL,21-08-2024,509,N930DZ,DTW,21:46:00,21:47:00,1,0,0,0,0,0
DL,21-08-2024,517,N536US,ATL,18:23:00,18:28:00,5,0,0,0,0,0
DL,21-08-2024,531,N593NW,ATL,12:16:00,12:20:00,4,0,0,0,0,0
DL,21-08-2024,533,N595NW,ATL,13:47:00,13:38:00,-9,0,0,0,0,0
DL,21-08-2024,656,N806DN,ATL,23:24:00,23:15:00,-9,0,0,0,0,0
DL,21-08-2024,667,N705TW,JFK,23:18:00,23:09:00,-9,0,0,0,0,0
DL,21-08-2024,668,N707TW,JFK,10:16:00,10:22:00,6,0,0,0,0,0
DL,21-08-2024,669,N713TW,JFK,12:23:00,12:15:00,-8,0,0,0,0,0
DL,21-08-2024,670,N703TW,JFK,20:53:00,20:56:00,3,0,0,0,0,0
DL,21-08-2024,679,N702TW,JFK,18:32:00,18:18:00,-14,0,0,0,0,0
DL,21-08-2024,680,N709TW,JFK,14:42:00,14:25:00,-17,0,0,0,0,0
DL,21-08-2024,756,N819DN,MSP,17:48:00,17:47:00,-1,0,0,0,0,0
DL,21-08-2024,823,N915DU,ATL,16:52:00,16:47:00,-5,0,0,0,0,0
DL,21-08-2024,858,N911DQ,MSP,20:37:00,20:54:00,17,0,0,17,0,0
DL,21-08-2024,902,N507DZ,SLC,12:37:00,12:28:00,-9,0,0,0,0,0
DL,21-08-2024,916,N581NW,ATL,10:16:00,10:08:00,-8,0,0,0,0,0
DL,21-08-2024,920,N349NW,SLC,09:05:00,09:13:00,8,0,0,0,0,0
DL,21-08-2024,977,N522DA,BOS,11:37:00,11:32:00,-5,0,0,0,0,0
DL,21-08-2024,1085,N853DN,SLC,21:50:00,21:48:00,-2,0,0,0,0,0
DL,21-08-2024,1088,N126DU,SLC,16:26:00,16:12:00,-14,0,0,0,0,0
DL,21-08-2024,1091,N328NB,SLC,00:04:00,23:46:00,-18,0,0,0,0,0
DL,21-08-2024,1421,N831DN,LAX,08:11:00,07:55:00,-16,0,0,0,0,0
DL,21-08-2024,1559,N503DZ,LAX,16:44:00,17:36:00,52,0,0,12,0,40
DL,21-08-2024,1730,N3764D,SEA,00:05:00,00:02:00,-3,0,0,0,0,0
DL,21-08-2024,2054,N367NW,LAX,19:04:00,19:13:00,9,0,0,0,0,0
DL,21-08-2024,2074,N838DN,MSP,13:08:00,13:04:00,-4,0,0,0,0,0
DL,21-08-2024,2078,N909DN,MSP,11:06:00,11:07:00,1,0,0,0,0,0
DL,21-08-2024,2089,N822DN,MSP,23:36:00,23:51:00,15,0,0,15,0,0
DL,21-08-2024,2239,N820DN,LAX,20:15:00,20:28:00,13,0,0,0,0,0
DL,21-08-2024,2267,N831DN,LAX,13:29:00,13:37:00,8,0,0,0,0,0
DL,21-08-2024,2272,N340NW,LAX,11:54:00,12:20:00,26,2,0,1,0,23
DL,21-08-2024,2985,N137DU,SEA,12:13:00,11:48:00,-25,0,0,0,0,0
DL,21-08-2024,2986,N340NW,LAX,23:49:00,00:27:00,38,23,0,0,0,15
DL,22-08-2024,314,N506DA,BOS,00:47:00,00:16:00,-31,0,0,0,0,0
DL,22-08-2024,315,N702TW,JFK,01:19:00,01:07:00,-12,0,0,0,0,0
DL,22-08-2024,340,N857DZ,ATL,20:42:00,21:28:00,46,0,0,46,0,0
DL,22-08-2024,361,N582NW,DTW,10:30:00,10:28:00,-2,0,0,0,0,0
DL,22-08-2024,399,N860DN,ATL,00:30:00,00:50:00,20,0,0,20,0,0
DL,22-08-2024,442,N826DN,DTW,17:46:00,17:31:00,-15,0,0,0,0,0
DL,22-08-2024,469,N805DN,DTW,14:12:00,14:14:00,2,0,0,0,0,0
DL,22-08-2024,475,N520DE,BOS,20:36:00,22:48:00,132,11,0,16,0,105
DL,22-08-2024,509,N902DN,DTW,21:45:00,22:50:00,65,0,0,65,0,0
DL,22-08-2024,517,N544US,ATL,18:23:00,19:15:00,52,0,0,52,0,0
DL,22-08-2024,531,N6703D,ATL,12:16:00,13:55:00,99,99,0,0,0,0
DL,22-08-2024,533,N549US,ATL,13:47:00,14:05:00,18,18,0,0,0,0
DL,22-08-2024,545,N824DN,ATL,22:45:00,23:25:00,40,0,0,40,0,0
DL,22-08-2024,667,N705TW,JFK,23:18:00,23:04:00,-14,0,0,0,0,0
DL,22-08-2024,668,N702TW,JFK,10:16:00,10:17:00,1,0,0,0,0,0
DL,22-08-2024,669,N703TW,JFK,12:23:00,12:32:00,9,0,0,0,0,0
DL,22-08-2024,670,N707TW,JFK,20:53:00,20:31:00,-22,0,0,0,0,0
DL,22-08-2024,679,N711ZX,JFK,18:32:00,18:11:00,-21,0,0,0,0,0
DL,22-08-2024,680,N710TW,JFK,14:42:00,14:18:00,-24,0,0,0,0,0
DL,22-08-2024,756,N842DN,MSP,17:48:00,18:15:00,27,9,0,6,0,12
DL,22-08-2024,823,N806DN,ATL,16:52:00,16:41:00,-11,0,0,0,0,0
DL,22-08-2024,858,N848DN,MSP,20:37:00,21:48:00,71,0,0,71,0,0
DL,22-08-2024,902,N548DN,SLC,12:37:00,12:47:00,10,0,0,0,0,0
DL,22-08-2024,916,N589NW,ATL,10:16:00,10:10:00,-6,0,0,0,0,0
DL,22-08-2024,920,N349NW,SLC,09:05:00,08:59:00,-6,0,0,0,0,0
DL,22-08-2024,977,N522DA,BOS,11:37:00,11:36:00,-1,0,0,0,0,0
DL,22-08-2024,1085,N868DN,SLC,21:50:00,23:38:00,108,5,0,14,0,89
DL,22-08-2024,1088,N306DU,SLC,16:26:00,17:32:00,66,0,0,66,0,0
DL,22-08-2024,1091,N370NB,SLC,00:04:00,00:19:00,15,0,0,15,0,0
DL,22-08-2024,1421,N830DN,LAX,08:11:00,07:53:00,-18,0,0,0,0,0
DL,22-08-2024,1559,N331NW,LAX,16:44:00,17:38:00,54,0,0,54,0,0
DL,22-08-2024,1730,N3730B,SEA,00:05:00,23:55:00,-10,0,0,0,0,0
DL,22-08-2024,2054,N369NW,LAX,19:04:00,19:03:00,-1,0,0,0,0,0
DL,22-08-2024,2074,N886DN,MSP,13:08:00,13:06:00,-2,0,0,0,0,0
DL,22-08-2024,2078,N862DN,MSP,11:06:00,11:22:00,16,0,0,16,0,0
DL,22-08-2024,2089,N894DN,MSP,23:36:00,23:36:00,0,0,0,0,0,0
DL,22-08-2024,2239,N882DN,LAX,20:15:00,20:03:00,-12,0,0,0,0,0
DL,22-08-2024,2267,N830DN,LAX,13:29:00,13:18:00,-11,0,0,0,0,0
DL,22-08-2024,2272,N3771K,LAX,11:54:00,11:56:00,2,0,0,0,0,0
DL,22-08-2024,2985,N112DU,SEA,12:13:00,12:14:00,1,0,0,0,0,0
DL,22-08-2024,2986,N344NW,LAX,23:49:00,23:55:00,6,0,0,0,0,0
DL,23-08-2024,314,N543DE,BOS,00:47:00,00:51:00,4,0,0,0,0,0
DL,23-08-2024,315,N711ZX,JFK,01:19:00,01:09:00,-10,0,0,0,0,0
DL,23-08-2024,340,N914DU,ATL,20:42:00,20:17:00,-25,0,0,0,0,0
DL,23-08-2024,361,N595NW,DTW,10:30:00,10:24:00,-6,0,0,0,0,0
DL,23-08-2024,399,N837DN,ATL,00:30:00,00:39:00,9,0,0,0,0,0
DL,23-08-2024,442,N832DN,DTW,17:46:00,17:48:00,2,0,0,0,0,0
DL,23-08-2024,469,N909DN,DTW,14:12:00,14:04:00,-8,0,0,0,0,0
DL,23-08-2024,475,N532DN,BOS,20:36:00,20:10:00,-26,0,0,0,0,0
DL,23-08-2024,509,N829DN,DTW,21:45:00,22:05:00,20,0,0,20,0,0
DL,23-08-2024,517,N6714Q,ATL,18:23:00,18:19:00,-4,0,0,0,0,0
DL,23-08-2024,531,N592NW,ATL,12:16:00,12:02:00,-14,0,0,0,0,0
DL,23-08-2024,533,N680DA,ATL,13:47:00,13:40:00,-7,0,0,0,0,0
DL,23-08-2024,545,N875DN,ATL,22:45:00,22:33:00,-12,0,0,0,0,0
DL,23-08-2024,667,N705TW,JFK,23:18:00,22:52:00,-26,0,0,0,0,0
DL,23-08-2024,668,N711ZX,JFK,10:16:00,10:07:00,-9,0,0,0,0,0
DL,23-08-2024,669,N707TW,JFK,12:23:00,12:13:00,-10,0,0,0,0,0
DL,23-08-2024,670,N702TW,JFK,20:53:00,20:31:00,-22,0,0,0,0,0
DL,23-08-2024,679,N703TW,JFK,18:32:00,17:58:00,-34,0,0,0,0,0
DL,23-08-2024,680,N709TW,JFK,14:42:00,14:12:00,-30,0,0,0,0,0
DL,23-08-2024,756,N904DN,MSP,17:48:00,17:57:00,9,0,0,0,0,0
DL,23-08-2024,823,N860DN,ATL,16:52:00,16:47:00,-5,0,0,0,0,0
DL,23-08-2024,858,N882DN,MSP,20:37:00,20:26:00,-11,0,0,0,0,0
DL,23-08-2024,902,N549DN,SLC,12:37:00,13:14:00,37,0,0,37,0,0
DL,23-08-2024,916,N589NW,ATL,10:16:00,10:01:00,-15,0,0,0,0,0
DL,23-08-2024,920,N367NW,SLC,09:05:00,08:49:00,-16,0,0,0,0,0
DL,23-08-2024,977,N512DE,BOS,11:37:00,11:58:00,21,0,0,21,0,0
DL,23-08-2024,1085,N886DN,SLC,21:50:00,21:41:00,-9,0,0,0,0,0
DL,23-08-2024,1088,N308DU,SLC,16:26:00,16:23:00,-3,0,0,0,0,0
DL,23-08-2024,1091,N352NB,SLC,00:04:00,23:44:00,-20,0,0,0,0,0
DL,23-08-2024,1421,N901DN,LAX,08:11:00,07:52:00,-19,0,0,0,0,0
DL,23-08-2024,1559,N369NW,LAX,16:44:00,16:48:00,4,0,0,0,0,0
DL,23-08-2024,1730,N3765,SEA,00:05:00,23:51:00,-14,0,0,0,0,0
DL,23-08-2024,2054,N344NW,LAX,19:04:00,18:58:00,-6,0,0,0,0,0
DL,23-08-2024,2074,N854DN,MSP,13:08:00,13:15:00,7,0,0,0,0,0
DL,23-08-2024,2078,N890DN,MSP,11:06:00,12:22:00,76,0,0,76,0,0
DL,23-08-2024,2089,N894DN,MSP,23:36:00,23:36:00,0,0,0,0,0,0
DL,23-08-2024,2239,N921DU,LAX,20:15:00,20:54:00,39,0,0,39,0,0
DL,23-08-2024,2267,N901DN,LAX,13:29:00,13:17:00,-12,0,0,0,0,0
DL,23-08-2024,2272,N369NW,LAX,11:54:00,12:27:00,33,0,0,33,0,0
DL,23-08-2024,2985,N125DU,SEA,12:13:00,12:46:00,33,0,0,33,0,0
DL,23-08-2024,2986,N344NW,LAX,23:49:00,23:40:00,-9,0,0,0,0,0
DL,24-08-2024,340,N802DN,ATL,20:42:00,20:30:00,-12,0,0,0,0,0
DL,24-08-2024,361,N585NW,DTW,10:30:00,10:28:00,-2,0,0,0,0,0
DL,24-08-2024,442,N390DN,DTW,17:55:00,17:50:00,-5,0,0,0,0,0
DL,24-08-2024,469,N896DN,DTW,14:13:00,14:04:00,-9,0,0,0,0,0
DL,24-08-2024,475,N534DT,BOS,22:48:00,21:55:00,-53,0,0,0,0,0
DL,24-08-2024,509,N842DN,DTW,22:43:00,22:20:00,-23,0,0,0,0,0
DL,24-08-2024,531,N581NW,ATL,12:16:00,12:59:00,43,43,0,0,0,0
DL,24-08-2024,533,N6707A,ATL,13:48:00,13:34:00,-14,0,0,0,0,0
DL,24-08-2024,545,N903DN,ATL,22:48:00,22:26:00,-22,0,0,0,0,0
DL,24-08-2024,667,N705TW,JFK,23:18:00,22:58:00,-20,0,0,0,0,0
DL,24-08-2024,668,N703TW,JFK,10:48:00,10:23:00,-25,0,0,0,0,0
DL,24-08-2024,670,N711ZX,JFK,20:53:00,20:28:00,-25,0,0,0,0,0
DL,24-08-2024,679,N721TW,JFK,18:32:00,18:06:00,-26,0,0,0,0,0
DL,24-08-2024,680,N707TW,JFK,13:42:00,13:39:00,-3,0,0,0,0,0
DL,24-08-2024,756,N812DN,MSP,17:48:00,17:37:00,-11,0,0,0,0,0
DL,24-08-2024,823,N837DN,ATL,16:52:00,16:52:00,0,0,0,0,0,0
DL,24-08-2024,858,N914DU,MSP,20:37:00,20:34:00,-3,0,0,0,0,0
DL,24-08-2024,902,N516DA,SLC,12:37:00,12:29:00,-8,0,0,0,0,0
DL,24-08-2024,916,N582NW,ATL,10:16:00,10:22:00,6,0,0,0,0,0
DL,24-08-2024,920,N359NW,SLC,09:05:00,09:14:00,9,0,0,0,0,0
DL,24-08-2024,977,N577DN,BOS,11:37:00,11:19:00,-18,0,0,0,0,0
DL,24-08-2024,1088,N361NW,SLC,16:17:00,16:15:00,-2,0,0,0,0,0
DL,24-08-2024,1091,N337NB,SLC,22:56:00,22:35:00,-21,0,0,0,0,0
DL,24-08-2024,1421,N901DN,LAX,08:11:00,08:06:00,-5,0,0,0,0,0
DL,24-08-2024,1559,N3765,LAX,17:07:00,16:45:00,-22,0,0,0,0,0
DL,24-08-2024,1730,N3764D,SEA,00:05:00,23:57:00,-8,0,0,0,0,0
DL,24-08-2024,2054,N896DN,LAX,19:18:00,19:00:00,-18,0,0,0,0,0
DL,24-08-2024,2074,N813DN,MSP,13:08:00,12:57:00,-11,0,0,0,0,0
DL,24-08-2024,2078,N838DN,MSP,11:06:00,11:00:00,-6,0,0,0,0,0
DL,24-08-2024,2239,N302NB,LAX,21:38:00,21:20:00,-18,0,0,0,0,0
DL,24-08-2024,2267,N823DN,LAX,13:29:00,13:41:00,12,0,0,0,0,0
DL,24-08-2024,2272,N399DA,LAX,12:17:00,12:21:00,4,0,0,0,0,0
DL,24-08-2024,2985,N130DU,SEA,12:13:00,11:57:00,-16,0,0,0,0,0
DL,25-08-2024,314,N511DE,BOS,00:47:00,00:20:00,-27,0,0,0,0,0
DL,25-08-2024,315,N707TW,JFK,01:19:00,01:00:00,-19,0,0,0,0,0
DL,25-08-2024,361,N590NW,DTW,10:30:00,12:35:00,125,0,0,0,0,125
DL,25-08-2024,399,N882DN,ATL,00:30:00,00:28:00,-2,0,0,0,0,0
DL,25-08-2024,442,N872DN,DTW,17:46:00,17:44:00,-2,0,0,0,0,0
DL,25-08-2024,469,N877DN,DTW,14:12:00,14:13:00,1,0,0,0,0,0
DL,25-08-2024,475,N533DT,BOS,20:36:00,20:09:00,-27,0,0,0,0,0
DL,25-08-2024,509,N898DN,DTW,21:45:00,21:32:00,-13,0,0,0,0,0
DL,25-08-2024,517,N554NW,ATL,18:23:00,18:14:00,-9,0,0,0,0,0
DL,25-08-2024,531,N584NW,ATL,12:16:00,12:02:00,-14,0,0,0,0,0
DL,25-08-2024,533,N596NW,ATL,13:47:00,13:59:00,12,0,0,0,0,0
DL,25-08-2024,545,N919DU,ATL,22:38:00,22:25:00,-13,0,0,0,0,0
DL,25-08-2024,667,N721TW,JFK,23:18:00,23:09:00,-9,0,0,0,0,0
DL,25-08-2024,668,N707TW,JFK,10:16:00,10:02:00,-14,0,0,0,0,0
DL,25-08-2024,669,N711ZX,JFK,12:23:00,11:53:00,-30,0,0,0,0,0
DL,25-08-2024,670,N705TW,JFK,20:53:00,22:25:00,92,9,0,0,0,83
DL,25-08-2024,679,N178DN,JFK,18:32:00,20:25:00,113,113,0,0,0,0
DL,25-08-2024,680,N709TW,JFK,14:42:00,14:04:00,-38,0,0,0,0,0
DL,25-08-2024,756,N925DZ,MSP,17:48:00,18:17:00,29,29,0,0,0,0
DL,25-08-2024,823,N837DN,ATL,16:52:00,16:44:00,-8,0,0,0,0,0
DL,25-08-2024,858,N928DU,MSP,20:37:00,20:29:00,-8,0,0,0,0,0
DL,25-08-2024,902,N116DN,SLC,12:37:00,12:26:00,-11,0,0,0,0,0
DL,25-08-2024,916,N583NW,ATL,10:16:00,10:07:00,-9,0,0,0,0,0
DL,25-08-2024,920,N361NW,SLC,09:05:00,08:39:00,-26,0,0,0,0,0
DL,25-08-2024,977,N517DN,BOS,11:37:00,11:10:00,-27,0,0,0,0,0
DL,25-08-2024,1085,N890DN,SLC,21:50:00,21:46:00,-4,0,0,0,0,0
DL,25-08-2024,1088,N311DU,SLC,16:26:00,16:17:00,-9,0,0,0,0,0
DL,25-08-2024,1091,N131DU,SLC,00:01:00,23:58:00,-3,0,0,0,0,0
DL,25-08-2024,1421,N841DN,LAX,08:11:00,08:02:00,-9,0,0,0,0,0
DL,25-08-2024,1559,N340NW,LAX,16:44:00,16:29:00,-15,0,0,0,0,0
DL,25-08-2024,1730,N3772H,SEA,00:05:00,00:17:00,12,0,0,0,0,0
DL,25-08-2024,2054,N367NW,LAX,19:04:00,18:51:00,-13,0,0,0,0,0
DL,25-08-2024,2074,N893DN,MSP,13:08:00,13:01:00,-7,0,0,0,0,0
DL,25-08-2024,2078,N878DN,MSP,11:06:00,10:53:00,-13,0,0,0,0,0
DL,25-08-2024,2089,N880DN,MSP,23:36:00,00:37:00,61,0,61,0,0,0
DL,25-08-2024,2239,N854DN,LAX,20:15:00,20:55:00,40,0,0,40,0,0
DL,25-08-2024,2267,N841DN,LAX,13:29:00,13:19:00,-10,0,0,0,0,0
DL,25-08-2024,2272,N340NW,LAX,11:54:00,11:43:00,-11,0,0,0,0,0
DL,25-08-2024,2985,N115DU,SEA,12:13:00,12:04:00,-9,0,0,0,0,0
DL,25-08-2024,2986,N367NW,LAX,23:49:00,23:25:00,-24,0,0,0,0,0
DL,26-08-2024,315,N702TW,JFK,01:19:00,01:08:00,-11,0,0,0,0,0
DL,26-08-2024,340,N815DN,ATL,20:42:00,20:33:00,-9,0,0,0,0,0
DL,26-08-2024,361,N591NW,DTW,10:30:00,11:19:00,49,49,0,0,0,0
DL,26-08-2024,442,N888DU,DTW,17:46:00,17:35:00,-11,0,0,0,0,0
DL,26-08-2024,469,N873DN,DTW,14:12:00,14:16:00,4,0,0,0,0,0
DL,26-08-2024,475,N531DA,BOS,21:45:00,21:47:00,2,0,0,0,0,0
DL,26-08-2024,509,N867DN,DTW,21:45:00,21:31:00,-14,0,0,0,0,0
DL,26-08-2024,517,N550NW,ATL,18:23:00,18:14:00,-9,0,0,0,0,0
DL,26-08-2024,531,N594NW,ATL,12:16:00,12:09:00,-7,0,0,0,0,0
DL,26-08-2024,656,N854DN,ATL,23:24:00,23:18:00,-6,0,0,0,0,0
DL,26-08-2024,667,N721TW,JFK,23:18:00,22:43:00,-35,0,0,0,0,0
DL,26-08-2024,668,N702TW,JFK,10:16:00,10:03:00,-13,0,0,0,0,0
DL,26-08-2024,669,N705TW,JFK,12:23:00,11:51:00,-32,0,0,0,0,0
DL,26-08-2024,670,N707TW,JFK,20:53:00,20:50:00,-3,0,0,0,0,0
DL,26-08-2024,679,N710TW,JFK,18:32:00,17:38:00,-54,0,0,0,0,0
DL,26-08-2024,680,N713TW,JFK,14:42:00,14:09:00,-33,0,0,0,0,0
DL,26-08-2024,756,N837DN,MSP,17:48:00,17:34:00,-14,0,0,0,0,0
DL,26-08-2024,823,N869DN,ATL,15:49:00,15:28:00,-21,0,0,0,0,0
DL,26-08-2024,858,N910DU,MSP,20:37:00,20:22:00,-15,0,0,0,0,0
DL,26-08-2024,902,N549DN,SLC,12:37:00,12:25:00,-12,0,0,0,0,0
DL,26-08-2024,916,N593NW,ATL,10:16:00,09:55:00,-21,0,0,0,0,0
DL,26-08-2024,920,N357NW,SLC,09:05:00,08:56:00,-9,0,0,0,0,0
DL,26-08-2024,977,N539DN,BOS,11:37:00,11:12:00,-25,0,0,0,0,0
DL,26-08-2024,1088,N114DU,SLC,16:26:00,16:25:00,-1,0,0,0,0,0
DL,26-08-2024,1091,N301NB,SLC,00:04:00,23:58:00,-6,0,0,0,0,0
DL,26-08-2024,1421,N842DN,LAX,08:11:00,07:59:00,-12,0,0,0,0,0
DL,26-08-2024,1559,N352NW,LAX,16:44:00,16:19:00,-25,0,0,0,0,0
DL,26-08-2024,2054,N338NW,LAX,19:04:00,19:19:00,15,0,0,0,0,15
DL,26-08-2024,2074,N870DN,MSP,13:08:00,12:49:00,-19,0,0,0,0,0
DL,26-08-2024,2078,N863DN,MSP,11:06:00,10:52:00,-14,0,0,0,0,0
DL,26-08-2024,2202,N378DA,SEA,19:42:00,19:36:00,-6,0,0,0,0,0
DL,26-08-2024,2239,N872DN,LAX,21:18:00,21:14:00,-4,0,0,0,0,0
DL,26-08-2024,2267,N842DN,LAX,13:29:00,13:20:00,-9,0,0,0,0,0
DL,26-08-2024,2272,N389DA,LAX,11:49:00,11:25:00,-24,0,0,0,0,0
DL,26-08-2024,2985,N119DU,SEA,12:13:00,12:06:00,-7,0,0,0,0,0
DL,27-08-2024,315,N710TW,JFK,01:19:00,00:50:00,-29,0,0,0,0,0
DL,27-08-2024,340,N841DN,ATL,20:42:00,20:16:00,-26,0,0,0,0,0
DL,27-08-2024,361,N591NW,DTW,10:30:00,10:41:00,11,0,0,0,0,0
DL,27-08-2024,442,N842DN,DTW,17:46:00,17:32:00,-14,0,0,0,0,0
DL,27-08-2024,469,N928DU,DTW,14:12:00,13:54:00,-18,0,0,0,0,0
DL,27-08-2024,475,N519DT,BOS,21:45:00,21:03:00,-42,0,0,0,0,0
DL,27-08-2024,509,N878DN,DTW,21:46:00,22:34:00,48,0,36,0,0,12
DL,27-08-2024,517,N659DL,ATL,18:23:00,18:00:00,-23,0,0,0,0,0
DL,27-08-2024,531,N585NW,ATL,12:16:00,12:36:00,20,20,0,0,0,0
DL,27-08-2024,656,N837DN,ATL,23:24:00,23:14:00,-10,0,0,0,0,0
DL,27-08-2024,667,N702TW,JFK,23:18:00,22:28:00,-50,0,0,0,0,0
DL,27-08-2024,668,N710TW,JFK,10:16:00,09:52:00,-24,0,0,0,0,0
DL,27-08-2024,669,N707TW,JFK,12:23:00,11:55:00,-28,0,0,0,0,0
DL,27-08-2024,670,N721TW,JFK,20:53:00,21:50:00,57,0,0,0,0,57
DL,27-08-2024,679,N705TW,JFK,18:32:00,17:48:00,-44,0,0,0,0,0
DL,27-08-2024,680,N717TW,JFK,14:42:00,14:07:00,-35,0,0,0,0,0
DL,27-08-2024,756,N830DN,MSP,17:48:00,17:39:00,-9,0,0,0,0,0
DL,27-08-2024,823,N900DU,ATL,15:49:00,15:40:00,-9,0,0,0,0,0
DL,27-08-2024,858,N921DU,MSP,20:37:00,20:25:00,-12,0,0,0,0,0
DL,27-08-2024,902,N541DE,SLC,12:37:00,12:52:00,15,15,0,0,0,0
DL,27-08-2024,916,N594NW,ATL,10:16:00,10:14:00,-2,0,0,0,0,0
DL,27-08-2024,920,N367NW,SLC,09:05:00,09:01:00,-4,0,0,0,0,0
DL,27-08-2024,977,N574DT,BOS,11:37:00,10:53:00,-44,0,0,0,0,0
DL,27-08-2024,1088,N114DU,SLC,16:26:00,16:25:00,-1,0,0,0,0,0
DL,27-08-2024,1091,N329NB,SLC,00:04:00,23:48:00,-16,0,0,0,0,0
DL,27-08-2024,1421,N806DN,LAX,08:11:00,07:55:00,-16,0,0,0,0,0
DL,27-08-2024,1559,N373NW,LAX,16:44:00,18:14:00,90,0,0,0,0,90
DL,27-08-2024,2054,N357NW,LAX,19:04:00,18:46:00,-18,0,0,0,0,0
DL,27-08-2024,2074,N845DN,MSP,13:08:00,12:54:00,-14,0,0,0,0,0
DL,27-08-2024,2078,N876DN,MSP,11:06:00,11:02:00,-4,0,0,0,0,0
DL,27-08-2024,2202,N3773D,SEA,19:42:00,19:22:00,-20,0,0,0,0,0
DL,27-08-2024,2239,N840DN,LAX,21:18:00,21:11:00,-7,0,0,0,0,0
DL,27-08-2024,2267,N806DN,LAX,13:29:00,13:09:00,-20,0,0,0,0,0
DL,27-08-2024,2272,N389DA,LAX,11:49:00,11:26:00,-23,0,0,0,0,0
DL,27-08-2024,2985,N121DU,SEA,12:13:00,12:14:00,1,0,0,0,0,0
DL,28-08-2024,315,N721TW,JFK,01:19:00,02:53:00,94,0,0,94,0,0
DL,28-08-2024,340,N860DN,ATL,20:42:00,20:26:00,-16,0,0,0,0,0
DL,28-08-2024,361,N591NW,DTW,10:30:00,10:14:00,-16,0,0,0,0,0
DL,28-08-2024,442,N806DN,DTW,17:46:00,17:37:00,-9,0,0,0,0,0
DL,28-08-2024,469,N835DN,DTW,14:12:00,14:06:00,-6,0,0,0,0,0
DL,28-08-2024,475,N550DN,BOS,21:45:00,21:09:00,-36,0,0,0,0,0
DL,28-08-2024,509,N824DN,DTW,21:46:00,21:32:00,-14,0,0,0,0,0
DL,28-08-2024,517,N680DA,ATL,18:23:00,18:16:00,-7,0,0,0,0,0
DL,28-08-2024,531,N585NW,ATL,12:16:00,12:24:00,8,0,0,0,0,0
DL,28-08-2024,656,N912DU,ATL,23:24:00,22:58:00,-26,0,0,0,0,0
DL,28-08-2024,667,N710TW,JFK,23:18:00,22:27:00,-51,0,0,0,0,0
DL,28-08-2024,668,N705TW,JFK,10:16:00,09:52:00,-24,0,0,0,0,0
DL,28-08-2024,669,N721TW,JFK,12:23:00,12:05:00,-18,0,0,0,0,0
DL,28-08-2024,670,N702TW,JFK,20:53:00,20:34:00,-19,0,0,0,0,0
DL,28-08-2024,679,N723TW,JFK,18:32:00,18:05:00,-27,0,0,0,0,0
DL,28-08-2024,680,N717TW,JFK,14:42:00,14:15:00,-27,0,0,0,0,0
DL,28-08-2024,756,N901DN,MSP,17:48:00,18:08:00,20,20,0,0,0,0
DL,28-08-2024,823,N811DZ,ATL,15:49:00,15:51:00,2,0,0,0,0,0
DL,28-08-2024,858,N812DN,MSP,20:37:00,20:28:00,-9,0,0,0,0,0
DL,28-08-2024,902,N542DE,SLC,12:37:00,12:28:00,-9,0,0,0,0,0
DL,28-08-2024,916,N587NW,ATL,10:16:00,10:11:00,-5,0,0,0,0,0
DL,28-08-2024,920,N356NW,SLC,09:05:00,08:43:00,-22,0,0,0,0,0
DL,28-08-2024,977,N537DT,BOS,11:37:00,11:44:00,7,0,0,0,0,0
DL,28-08-2024,1088,N102DU,SLC,16:26:00,16:29:00,3,0,0,0,0,0
DL,28-08-2024,1091,N354NB,SLC,00:04:00,23:49:00,-15,0,0,0,0,0
DL,28-08-2024,1421,N836DN,LAX,08:11:00,07:55:00,-16,0,0,0,0,0
DL,28-08-2024,1559,N373NW,LAX,16:44:00,17:04:00,20,12,0,8,0,0
DL,28-08-2024,2054,N370NW,LAX,19:04:00,18:53:00,-11,0,0,0,0,0
DL,28-08-2024,2074,N887DN,MSP,13:08:00,12:46:00,-22,0,0,0,0,0
DL,28-08-2024,2078,N885DN,MSP,11:06:00,10:48:00,-18,0,0,0,0,0
DL,28-08-2024,2202,N3754A,SEA,19:42:00,19:19:00,-23,0,0,0,0,0
DL,28-08-2024,2239,N877DN,LAX,21:18:00,21:43:00,25,20,0,5,0,0
DL,28-08-2024,2267,N836DN,LAX,13:29:00,13:18:00,-11,0,0,0,0,0
DL,28-08-2024,2272,N389DA,LAX,11:54:00,12:05:00,11,0,0,0,0,0
DL,28-08-2024,2985,N132DU,SEA,12:13:00,11:51:00,-22,0,0,0,0,0
DL,29-08-2024,314,N522DA,BOS,00:47:00,00:37:00,-10,0,0,0,0,0
DL,29-08-2024,315,N723TW,JFK,01:19:00,02:40:00,81,53,0,15,0,13
DL,29-08-2024,361,N594NW,DTW,10:30:00,10:10:00,-20,0,0,0,0,0
DL,29-08-2024,442,N814DN,DTW,17:46:00,17:48:00,2,0,0,0,0,0
DL,29-08-2024,469,N879DN,DTW,14:12:00,13:59:00,-13,0,0,0,0,0
DL,29-08-2024,475,N506DA,BOS,20:36:00,20:36:00,0,0,0,0,0,0
DL,29-08-2024,509,N812DN,DTW,21:45:00,21:51:00,6,0,0,0,0,0
DL,29-08-2024,517,N547US,ATL,18:23:00,18:17:00,-6,0,0,0,0,0
DL,29-08-2024,531,N590NW,ATL,12:16:00,12:23:00,7,0,0,0,0,0
DL,29-08-2024,533,N584NW,ATL,13:47:00,13:42:00,-5,0,0,0,0,0
DL,29-08-2024,545,N802DN,ATL,22:38:00,22:41:00,3,0,0,0,0,0
DL,29-08-2024,656,N874DN,ATL,23:24:00,23:12:00,-12,0,0,0,0,0
DL,29-08-2024,667,N557NW,JFK,23:18:00,23:54:00,36,0,0,36,0,0
DL,29-08-2024,668,N723TW,JFK,10:16:00,10:05:00,-11,0,0,0,0,0
DL,29-08-2024,669,N705TW,JFK,12:23:00,12:15:00,-8,0,0,0,0,0
DL,29-08-2024,670,N721TW,JFK,20:53:00,22:14:00,81,0,0,81,0,0
DL,29-08-2024,679,N712TW,JFK,18:32:00,19:35:00,63,0,0,63,0,0
DL,29-08-2024,680,N174DN,JFK,14:42:00,16:34:00,112,112,0,0,0,0
DL,29-08-2024,756,N810DN,MSP,17:48:00,18:10:00,22,11,0,2,0,9
DL,29-08-2024,823,N912DU,ATL,16:52:00,16:49:00,-3,0,0,0,0,0
DL,29-08-2024,858,N860DN,MSP,20:47:00,21:09:00,22,0,1,0,0,21
DL,29-08-2024,902,N548DN,SLC,12:37:00,12:31:00,-6,0,0,0,0,0
DL,29-08-2024,916,N592NW,ATL,10:16:00,10:30:00,14,0,0,0,0,0
DL,29-08-2024,920,N345NW,SLC,09:05:00,08:54:00,-11,0,0,0,0,0
DL,29-08-2024,977,N515DE,BOS,11:37:00,11:05:00,-32,0,0,0,0,0
DL,29-08-2024,1085,N811DZ,SLC,21:50:00,21:30:00,-20,0,0,0,0,0
DL,29-08-2024,1088,N324DU,SLC,16:26:00,16:07:00,-19,0,0,0,0,0
DL,29-08-2024,1091,N302NB,SLC,00:04:00,23:40:00,-24,0,0,0,0,0
DL,29-08-2024,1421,N818DA,LAX,08:11:00,08:01:00,-10,0,0,0,0,0
DL,29-08-2024,1559,N341NW,LAX,16:44:00,16:24:00,-20,0,0,0,0,0
DL,29-08-2024,1730,N3757D,SEA,00:05:00,23:53:00,-12,0,0,0,0,0
DL,29-08-2024,2054,N370NW,LAX,19:04:00,20:06:00,62,6,0,0,0,56
DL,29-08-2024,2074,N858DZ,MSP,13:08:00,13:14:00,6,0,0,0,0,0
DL,29-08-2024,2078,N872DN,MSP,11:06:00,11:44:00,38,0,0,35,0,3
DL,29-08-2024,2089,N853DN,MSP,23:36:00,00:13:00,37,32,0,0,0,5
DL,29-08-2024,2239,N871DN,LAX,20:15:00,20:31:00,16,0,0,16,0,0
DL,29-08-2024,2267,N818DA,LAX,13:29:00,13:10:00,-19,0,0,0,0,0
DL,29-08-2024,2272,N341NW,LAX,11:54:00,11:42:00,-12,0,0,0,0,0
DL,29-08-2024,2985,N136DQ,SEA,12:13:00,12:16:00,3,0,0,0,0,0
DL,29-08-2024,2986,N367NW,LAX,23:49:00,23:39:00,-10,0,0,0,0,0
DL,30-08-2024,314,N521DT,BOS,00:47:00,00:03:00,-44,0,0,0,0,0
DL,30-08-2024,315,N712TW,JFK,01:19:00,01:07:00,-12,0,0,0,0,0
DL,30-08-2024,361,N583NW,DTW,10:30:00,10:06:00,-24,0,0,0,0,0
DL,30-08-2024,442,N813DN,DTW,17:46:00,17:43:00,-3,0,0,0,0,0
DL,30-08-2024,469,N891DN,DTW,14:12:00,14:03:00,-9,0,0,0,0,0
DL,30-08-2024,475,N545DE,BOS,20:36:00,19:46:00,-50,0,0,0,0,0
DL,30-08-2024,509,N889DN,DTW,21:45:00,21:35:00,-10,0,0,0,0,0
DL,30-08-2024,517,N682DA,ATL,18:23:00,18:07:00,-16,0,0,0,0,0
DL,30-08-2024,531,N582NW,ATL,12:16:00,12:15:00,-1,0,0,0,0,0
DL,30-08-2024,533,N594NW,ATL,13:47:00,14:09:00,22,0,0,22,0,0
DL,30-08-2024,545,N803DN,ATL,22:38:00,22:19:00,-19,0,0,0,0,0
DL,30-08-2024,656,N888DU,ATL,23:24:00,00:10:00,46,46,0,0,0,0
DL,30-08-2024,667,N702TW,JFK,23:18:00,22:44:00,-34,0,0,0,0,0
DL,30-08-2024,668,N712TW,JFK,10:16:00,10:58:00,42,0,0,17,0,25
DL,30-08-2024,669,N721TW,JFK,12:23:00,12:51:00,28,0,0,0,0,28
DL,30-08-2024,670,N723TW,JFK,20:53:00,20:16:00,-37,0,0,0,0,0
DL,30-08-2024,679,N707TW,JFK,18:32:00,17:51:00,-41,0,0,0,0,0
DL,30-08-2024,680,N710TW,JFK,14:42:00,14:17:00,-25,0,0,0,0,0
DL,30-08-2024,756,N848DN,MSP,17:48:00,17:33:00,-15,0,0,0,0,0
DL,30-08-2024,823,N811DZ,ATL,16:52:00,16:28:00,-24,0,0,0,0,0
DL,30-08-2024,858,N860DN,MSP,20:45:00,20:45:00,0,0,0,0,0,0
DL,30-08-2024,902,N537DT,SLC,12:37:00,12:37:00,0,0,0,0,0,0
DL,30-08-2024,916,N591NW,ATL,10:16:00,10:01:00,-15,0,0,0,0,0
DL,30-08-2024,920,N338NW,SLC,09:05:00,08:54:00,-11,0,0,0,0,0
DL,30-08-2024,977,N504DZ,BOS,11:37:00,10:57:00,-40,0,0,0,0,0
DL,30-08-2024,1085,N898DN,SLC,21:50:00,21:52:00,2,0,0,0,0,0
DL,30-08-2024,1088,N317DU,SLC,16:26:00,17:29:00,63,63,0,0,0,0
DL,30-08-2024,1091,N359NB,SLC,00:04:00,23:37:00,-27,0,0,0,0,0
DL,30-08-2024,1421,N832DN,LAX,08:11:00,07:52:00,-19,0,0,0,0,0
DL,30-08-2024,1559,N352NW,LAX,16:44:00,17:05:00,21,0,0,0,0,21
DL,30-08-2024,1730,N3764D,SEA,00:05:00,23:55:00,-10,0,0,0,0,0
DL,30-08-2024,2054,N367NW,LAX,19:04:00,18:55:00,-9,0,0,0,0,0
DL,30-08-2024,2074,N872DN,MSP,13:08:00,13:14:00,6,0,0,0,0,0
DL,30-08-2024,2078,N919DU,MSP,11:06:00,11:02:00,-4,0,0,0,0,0
DL,30-08-2024,2089,N841DN,MSP,23:36:00,23:33:00,-3,0,0,0,0,0
DL,30-08-2024,2239,N824DN,LAX,20:15:00,20:13:00,-2,0,0,0,0,0
DL,30-08-2024,2267,N832DN,LAX,13:29:00,14:10:00,41,0,0,41,0,0
DL,30-08-2024,2272,N352NW,LAX,11:54:00,12:09:00,15,0,0,15,0,0
DL,30-08-2024,2985,N131DU,SEA,12:13:00,12:34:00,21,0,0,21,0,0
DL,30-08-2024,2986,N371NW,LAX,23:49:00,23:26:00,-23,0,0,0,0,0
DL,31-08-2024,340,N852DN,ATL,20:42:00,20:30:00,-12,0,0,0,0,0
DL,31-08-2024,361,N591NW,DTW,10:30:00,09:56:00,-34,0,0,0,0,0
DL,31-08-2024,442,N393DN,DTW,17:55:00,17:45:00,-10,0,0,0,0,0
DL,31-08-2024,469,N900DU,DTW,14:13:00,13:53:00,-20,0,0,0,0,0
DL,31-08-2024,475,N539DN,BOS,22:48:00,22:05:00,-43,0,0,0,0,0
DL,31-08-2024,531,N582NW,ATL,12:16:00,11:59:00,-17,0,0,0,0,0
DL,31-08-2024,533,N659DL,ATL,13:48:00,13:25:00,-23,0,0,0,0,0
DL,31-08-2024,545,N855DN,ATL,22:48:00,22:29:00,-19,0,0,0,0,0
DL,31-08-2024,667,N712TW,JFK,23:18:00,02:14:00,176,114,0,0,0,62
DL,31-08-2024,668,N707TW,JFK,10:48:00,10:08:00,-40,0,0,0,0,0
DL,31-08-2024,670,N702TW,JFK,20:53:00,20:25:00,-28,0,0,0,0,0
DL,31-08-2024,679,N718TW,JFK,18:32:00,18:37:00,5,0,0,0,0,0
DL,31-08-2024,680,N710TW,JFK,13:42:00,13:28:00,-14,0,0,0,0,0
DL,31-08-2024,756,N889DN,MSP,17:48:00,17:20:00,-28,0,0,0,0,0
DL,31-08-2024,823,N888DU,ATL,16:52:00,16:35:00,-17,0,0,0,0,0
DL,31-08-2024,858,N839DN,MSP,20:47:00,20:34:00,-13,0,0,0,0,0
DL,31-08-2024,902,N517DN,SLC,12:37:00,12:20:00,-17,0,0,0,0,0
DL,31-08-2024,916,N596NW,ATL,10:16:00,10:04:00,-12,0,0,0,0,0
DL,31-08-2024,920,N352NW,SLC,09:05:00,08:58:00,-7,0,0,0,0,0
DL,31-08-2024,977,N519DT,BOS,11:37:00,13:54:00,137,115,0,0,0,22
DL,31-08-2024,1056,N876DN,SEA,19:42:00,19:21:00,-21,0,0,0,0,0
DL,31-08-2024,1088,N347NW,SLC,16:17:00,16:06:00,-11,0,0,0,0,0
DL,31-08-2024,1091,N137DU,SLC,22:54:00,22:34:00,-20,0,0,0,0,0
DL,31-08-2024,1421,N832DN,LAX,08:11:00,07:54:00,-17,0,0,0,0,0
DL,31-08-2024,1559,N371NW,LAX,16:44:00,16:28:00,-16,0,0,0,0,0
DL,31-08-2024,2054,N900DU,LAX,19:18:00,19:12:00,-6,0,0,0,0,0
DL,31-08-2024,2074,N930DZ,MSP,13:08:00,12:46:00,-22,0,0,0,0,0
DL,31-08-2024,2078,N928DU,MSP,11:06:00,10:46:00,-20,0,0,0,0,0
DL,31-08-2024,2239,N371NW,LAX,21:38:00,23:11:00,93,93,0,0,0,0
DL,31-08-2024,2267,N832DN,LAX,13:29:00,13:16:00,-13,0,0,0,0,0
DL,31-08-2024,2985,N133DU,SEA,12:13:00,12:09:00,-4,0,0,0,0,0
