Carrier Code,Date (DD/MM/YYYY),Flight Number,Tail Number,Destination Airport,Scheduled departure time,Actual departure time,Departure delay (Minutes),Delay Carrier (Minutes),Delay Weather (Minutes),Delay National Aviation System (Minutes),Delay Security (Minutes),Delay Late Aircraft Arrival (Minutes)
DL,01-08-2024,348,N544US,ATL,10:04:00,10:02:00,-2,0,0,0,0,0
DL,01-08-2024,546,N518DQ,JFK,06:07:00,06:12:00,5,0,0,0,0,0
DL,01-08-2024,548,N538DN,JFK,22:59:00,23:07:00,8,0,0,0,0,0
DL,01-08-2024,672,N6704Z,ATL,15:03:00,15:05:00,2,0,0,20,0,0
DL,01-08-2024,791,N580DT,JFK,12:08:00,12:02:00,-6,0,0,0,0,0
DL,01-08-2024,796,N549US,ATL,13:11:00,13:11:00,0,0,0,0,0,0
DL,01-08-2024,813,N926DZ,DTW,15:02:00,14:53:00,-9,0,0,0,0,0
DL,01-08-2024,901,N535US,ATL,07:05:00,09:33:00,148,146,0,0,0,0
DL,01-08-2024,918,N332DN,ATL,06:00:00,06:04:00,4,0,0,0,0,0
DL,01-08-2024,929,N320DN,ATL,23:59:00,00:43:00,44,5,0,0,0,24
DL,01-08-2024,1070,N917DU,DTW,11:00:00,11:00:00,0,0,0,0,0,0
DL,01-08-2024,1431,N806DN,SLC,13:25:00,13:17:00,-8,0,0,0,0,0
DL,01-08-2024,1432,N914DU,SLC,17:02:00,16:56:00,-6,0,0,0,0,0
DL,01-08-2024,1447,N390DA,SLC,10:05:00,10:04:00,-1,0,0,0,0,0
DL,01-08-2024,1451,N3766,SLC,19:00:00,18:55:00,-5,0,0,0,0,0
DL,01-08-2024,1535,N578DN,SLC,06:10:00,06:06:00,-4,0,0,0,0,0
DL,01-08-2024,1728,N529DT,BOS,22:52:00,23:05:00,13,0,0,0,0,0
DL,01-08-2024,2135,N313DN,DTW,06:00:00,05:57:00,-3,0,0,0,0,0
DL,01-08-2024,2148,N811DZ,DTW,23:14:00,23:19:00,5,0,0,0,0,0
DL,01-08-2024,2274,N844DN,MSP,12:16:00,12:07:00,-9,0,0,0,0,0
DL,01-08-2024,2284,N930DZ,MSP,14:00:00,13:56:00,-4,0,0,0,0,0
DL,01-08-2024,2287,N316DN,MSP,17:00:00,20:13:00,193,0,187,0,0,0
DL,01-08-2024,2288,N809DN,MSP,09:12:00,09:16:00,4,0,0,16,0,0
DL,01-08-2024,2419,N3752,SEA,11:15:00,11:15:00,0,0,0,0,0,0
DL,01-08-2024,2442,N3756,SEA,19:10:00,19:24:00,14,0,0,0,0,0
DL,01-08-2024,2444,N393DA,SEA,06:02:00,05:52:00,-10,0,0,0,0,0
DL,01-08-2024,2447,N393DA,SEA,13:56:00,13:55:00,-1,0,0,0,0,0
DL,01-08-2024,2449,N3737C,SEA,15:45:00,15:41:00,-4,0,0,0,0,0
DL,01-08-2024,2553,N346DN,MSP,06:00:00,06:05:00,5,0,0,0,0,0
DL,01-08-2024,2563,N872DN,MSP,00:40:00,01:28:00,48,0,0,0,0,34
DL,02-08-2024,348,N544US,ATL,10:04:00,10:38:00,34,34,0,4,0,0
DL,02-08-2024,546,N544DN,JFK,06:07:00,06:06:00,-1,0,0,17,0,0
DL,02-08-2024,548,N541DE,JFK,22:59:00,23:36:00,37,2,0,0,0,32
DL,02-08-2024,672,N537US,ATL,15:03:00,16:22:00,79,27,0,1,0,52
DL,02-08-2024,791,N578DN,JFK,12:08:00,12:42:00,34,0,0,32,0,0
DL,02-08-2024,796,N683DA,ATL,13:11:00,13:55:00,44,23,0,0,0,16
DL,02-08-2024,813,N832DN,DTW,15:02:00,14:59:00,-3,0,0,0,0,0
DL,02-08-2024,901,N672DL,ATL,07:05:00,07:04:00,-1,0,0,0,0,0
DL,02-08-2024,918,N325DN,ATL,06:00:00,06:00:00,0,0,0,0,0,0
DL,02-08-2024,929,N328DN,ATL,23:59:00,23:57:00,-2,0,0,0,0,0
DL,02-08-2024,1070,N827DN,DTW,11:00:00,10:57:00,-3,0,0,0,0,0
DL,02-08-2024,1431,N836DN,SLC,13:25:00,13:19:00,-6,0,0,0,0,0
DL,02-08-2024,1432,N909DN,SLC,17:02:00,16:53:00,-9,0,0,0,0,0
DL,02-08-2024,1447,N3766,SLC,10:05:00,10:05:00,0,0,0,0,0,0
DL,02-08-2024,1451,N3773D,SLC,19:00:00,18:50:00,-10,0,0,0,0,0
DL,02-08-2024,1535,N582DN,SLC,06:10:00,06:07:00,-3,0,0,0,0,0
DL,02-08-2024,1728,N536DN,BOS,22:52:00,23:21:00,29,24,0,0,0,0
DL,02-08-2024,2135,N353DN,DTW,06:00:00,05:59:00,-1,0,0,0,0,0
DL,02-08-2024,2148,N818DA,DTW,23:14:00,23:09:00,-5,0,0,0,0,0
DL,02-08-2024,2274,N837DN,MSP,12:16:00,12:13:00,-3,0,0,0,0,0
DL,02-08-2024,2284,N917DU,MSP,14:00:00,14:12:00,12,0,0,0,0,0
DL,02-08-2024,2287,N102DN,MSP,17:00:00,17:18:00,18,0,0,0,0,0
DL,02-08-2024,2288,N817DN,MSP,09:12:00,09:09:00,-3,0,0,0,0,0
DL,02-08-2024,2419,N386DA,SEA,11:15:00,11:07:00,-8,0,0,0,0,0
DL,02-08-2024,2442,N3744F,SEA,19:10:00,19:03:00,-7,0,0,0,0,0
DL,02-08-2024,2444,N388DA,SEA,06:02:00,05:51:00,-11,0,0,0,0,0
DL,02-08-2024,2447,N388DA,SEA,13:56:00,13:51:00,-5,0,0,0,0,0
DL,02-08-2024,2449,N397DA,SEA,15:45:00,15:43:00,-2,0,0,0,0,0
DL,02-08-2024,2553,N323DN,MSP,06:00:00,05:58:00,-2,0,0,0,0,0
DL,02-08-2024,2563,N333DX,MSP,00:43:00,00:53:00,10,0,0,0,0,0
DL,03-08-2024,348,N6702,ATL,10:04:00,10:48:00,44,34,0,0,0,0
DL,03-08-2024,546,N519DT,JFK,06:07:00,15:53:00,586,0,0,0,0,579
DL,03-08-2024,791,N540DE,JFK,12:08:00,12:40:00,32,0,0,0,0,0
DL,03-08-2024,796,N684DA,ATL,13:11:00,13:10:00,-1,0,0,0,0,0
DL,03-08-2024,813,N834DN,DTW,15:02:00,15:05:00,3,0,0,0,0,0
DL,03-08-2024,901,N680DA,ATL,07:05:00,07:00:00,-5,0,0,0,0,0
DL,03-08-2024,918,N393DN,ATL,06:00:00,05:58:00,-2,0,0,0,0,0
DL,03-08-2024,929,N353DN,ATL,23:59:00,23:56:00,-3,0,0,0,0,0
DL,03-08-2024,1070,N909DN,DTW,11:00:00,10:57:00,-3,0,0,0,0,0
DL,03-08-2024,1431,N802DN,SLC,13:25:00,13:18:00,-7,0,0,0,0,0
DL,03-08-2024,1432,N830DN,SLC,17:02:00,16:59:00,-3,0,0,0,0,0
DL,03-08-2024,1447,N3766,SLC,10:05:00,09:57:00,-8,0,0,0,0,0
DL,03-08-2024,1535,N582DN,SLC,06:10:00,06:03:00,-7,0,0,0,0,0
DL,03-08-2024,1728,N504DZ,BOS,22:52:00,11:28:00,756,747,0,0,0,0
DL,03-08-2024,2135,N320DN,DTW,06:00:00,05:47:00,-13,0,0,0,0,0
DL,03-08-2024,2274,N918DU,MSP,12:16:00,12:12:00,-4,0,0,0,0,0
DL,03-08-2024,2284,N911DQ,MSP,13:32:00,14:54:00,82,0,0,0,0,73
DL,03-08-2024,2287,N384DN,MSP,17:00:00,16:52:00,-8,0,0,0,0,0
DL,03-08-2024,2288,N878DN,MSP,09:12:00,09:05:00,-7,0,0,0,0,0
DL,03-08-2024,2419,N391DA,SEA,11:15:00,11:06:00,-9,0,0,0,0,0
DL,03-08-2024,2444,N3768,SEA,06:02:00,05:52:00,-10,0,0,0,0,0
DL,03-08-2024,2447,N3768,SEA,13:56:00,13:58:00,2,0,0,0,0,0
DL,03-08-2024,2449,N373DA,SEA,15:45:00,15:45:00,0,0,0,0,0,0
DL,03-08-2024,2553,N101DQ,MSP,06:00:00,05:52:00,-8,0,0,0,0,0
DL,03-08-2024,2563,N382DN,MSP,00:43:00,01:27:00,44,0,0,0,0,25
DL,04-08-2024,348,N665DN,ATL,10:04:00,10:06:00,2,0,0,0,0,0
DL,04-08-2024,546,N515DE,JFK,06:07:00,00:00:00,0,0,0,0,0,0
DL,04-08-2024,548,N504DZ,JFK,22:59:00,02:21:00,202,3,0,0,0,185
DL,04-08-2024,672,N548US,ATL,15:03:00,15:02:00,-1,0,0,0,0,0
DL,04-08-2024,791,N579DT,JFK,12:08:00,12:02:00,-6,0,0,66,0,0
DL,04-08-2024,796,N695DL,ATL,13:11:00,13:08:00,-3,0,0,0,0,0
DL,04-08-2024,813,N883DN,DTW,15:02:00,14:59:00,-3,0,0,0,0,0
DL,04-08-2024,901,N690DL,ATL,07:05:00,07:03:00,-2,0,0,0,0,0
DL,04-08-2024,918,N393DN,ATL,06:00:00,05:57:00,-3,0,0,0,0,0
DL,04-08-2024,929,N110DX,ATL,23:45:00,23:42:00,-3,0,0,0,0,0
DL,04-08-2024,1070,N805DN,DTW,11:00:00,10:55:00,-5,0,0,0,0,0
DL,04-08-2024,1431,N3773D,SLC,13:25:00,13:15:00,-10,0,0,0,0,0
DL,04-08-2024,1432,N823DN,SLC,17:02:00,16:59:00,-3,0,0,0,0,0
DL,04-08-2024,1447,N868DN,SLC,10:05:00,09:58:00,-7,0,0,0,0,0
DL,04-08-2024,1451,N394DA,SLC,19:00:00,19:40:00,40,35,0,0,0,0
DL,04-08-2024,1535,N578DN,SLC,06:10:00,06:02:00,-8,0,0,0,0,0
DL,04-08-2024,1728,N543DE,BOS,22:52:00,22:38:00,-14,0,0,0,0,0
DL,04-08-2024,2135,N345DN,DTW,06:00:00,00:00:00,0,0,0,0,0,0
DL,04-08-2024,2148,N880DN,DTW,23:14:00,23:23:00,9,6,0,14,0,3
DL,04-08-2024,2274,N926DZ,MSP,12:16:00,12:12:00,-4,0,0,0,0,0
DL,04-08-2024,2284,N857DZ,MSP,14:00:00,15:00:00,60,0,0,0,0,51
DL,04-08-2024,2287,N326DN,MSP,17:00:00,16:56:00,-4,0,0,0,0,0
DL,04-08-2024,2288,N925DZ,MSP,09:12:00,09:07:00,-5,0,0,0,0,0
DL,04-08-2024,2419,N3753,SEA,11:15:00,11:14:00,-1,0,0,0,0,0
DL,04-08-2024,2442,N3745B,SEA,19:10:00,19:13:00,3,0,0,0,0,0
DL,04-08-2024,2444,N3737C,SEA,06:02:00,05:49:00,-13,0,0,0,0,0
DL,04-08-2024,2447,N3737C,SEA,13:56:00,14:14:00,18,0,0,21,0,0
DL,04-08-2024,2449,N3746H,SEA,15:45:00,15:57:00,12,0,0,0,0,0
DL,04-08-2024,2553,N375DN,MSP,06:00:00,06:00:00,0,0,0,0,0,0
DL,04-08-2024,2563,N390DN,MSP,00:43:00,02:16:00,93,93,0,0,0,0
DL,05-08-2024,348,N6705Y,ATL,10:17:00,10:36:00,19,19,0,0,0,0
DL,05-08-2024,546,N578DN,JFK,06:07:00,11:32:00,325,325,0,14,0,0
DL,05-08-2024,548,N505DZ,JFK,22:59:00,22:58:00,-1,0,0,0,0,0
DL,05-08-2024,672,N6715C,ATL,15:02:00,06:53:00,951,951,0,2,0,0
DL,05-08-2024,791,N580DT,JFK,12:08:00,15:55:00,227,16,0,0,0,196
DL,05-08-2024,796,N6702,ATL,13:06:00,14:53:00,107,102,0,0,0,0
DL,05-08-2024,813,N911DQ,DTW,15:02:00,14:59:00,-3,0,0,0,0,0
DL,05-08-2024,901,N685DA,ATL,07:05:00,07:03:00,-2,0,0,0,0,0
DL,05-08-2024,918,N105DX,ATL,06:00:00,05:59:00,-1,0,0,0,0,0
DL,05-08-2024,929,N348DN,ATL,23:45:00,00:41:00,56,15,0,1,0,41
DL,05-08-2024,1070,N888DU,DTW,11:00:00,10:57:00,-3,0,0,0,0,0
DL,05-08-2024,1431,N3773D,SLC,13:25:00,13:17:00,-8,0,0,0,0,0
DL,05-08-2024,1432,N902DN,SLC,17:02:00,16:57:00,-5,0,0,0,0,0
DL,05-08-2024,1447,N834DN,SLC,10:05:00,09:59:00,-6,0,0,0,0,0
DL,05-08-2024,1451,N3730B,SLC,19:00:00,18:53:00,-7,0,0,0,0,0
DL,05-08-2024,1535,N548DN,SLC,06:10:00,06:13:00,3,0,0,0,0,0
DL,05-08-2024,1728,N531DA,BOS,22:52:00,23:06:00,14,14,0,5,0,0
DL,05-08-2024,2135,N398DN,DTW,06:00:00,05:54:00,-6,0,0,0,0,0
DL,05-08-2024,2148,N837DN,DTW,23:14:00,23:44:00,30,30,0,4,0,0
DL,05-08-2024,2274,N814DN,MSP,12:05:00,11:59:00,-6,0,0,0,0,0
DL,05-08-2024,2284,N860DN,MSP,14:01:00,13:55:00,-6,0,0,0,0,0
DL,05-08-2024,2287,N377DN,MSP,17:00:00,20:41:00,221,0,0,0,0,214
DL,05-08-2024,2288,N912DU,MSP,09:23:00,09:18:00,-5,0,0,23,0,0
DL,05-08-2024,2419,N380DA,SEA,11:15:00,11:10:00,-5,0,0,0,0,0
DL,05-08-2024,2442,N775DE,SEA,19:10:00,19:06:00,-4,0,0,0,0,0
DL,05-08-2024,2444,N3746H,SEA,06:02:00,05:53:00,-9,0,0,0,0,0
DL,05-08-2024,2447,N3746H,SEA,13:56:00,13:40:00,-16,0,0,0,0,0
DL,05-08-2024,2449,N3747D,SEA,15:45:00,15:39:00,-6,0,0,0,0,0
DL,05-08-2024,2553,N129DN,MSP,06:00:00,05:53:00,-7,0,0,0,0,0
DL,05-08-2024,2563,N125DN,MSP,00:41:00,00:31:00,-10,0,0,0,0,0
DL,06-08-2024,348,N695DL,ATL,10:15:00,10:15:00,0,0,0,0,0,0
DL,06-08-2024,546,N522DA,JFK,06:07:00,06:05:00,-2,0,0,0,0,0
DL,06-08-2024,791,N886DN,JFK,12:08:00,00:00:00,0,0,0,0,0,0
DL,06-08-2024,796,N6702,ATL,13:06:00,13:06:00,0,0,0,0,0,0
DL,06-08-2024,813,N825DN,DTW,15:02:00,14:53:00,-9,0,0,0,0,0
DL,06-08-2024,901,N543US,ATL,07:05:00,07:12:00,7,0,0,0,0,0
DL,06-08-2024,918,N380DN,ATL,06:00:00,05:52:00,-8,0,0,0,0,0
DL,06-08-2024,929,N328DN,ATL,23:45:00,23:47:00,2,0,0,0,0,0
DL,06-08-2024,1070,N930DZ,DTW,11:00:00,10:54:00,-6,0,0,0,0,0
DL,06-08-2024,1431,N851DN,SLC,13:25:00,13:21:00,-4,0,0,0,0,0
DL,06-08-2024,1432,N908DN,SLC,17:02:00,17:49:00,47,0,0,0,0,38
DL,06-08-2024,1447,N3730B,SLC,10:05:00,10:11:00,6,0,0,0,0,0
DL,06-08-2024,1451,N390DA,SLC,19:00:00,19:50:00,50,38,0,0,0,0
DL,06-08-2024,1535,N579DT,SLC,06:10:00,06:06:00,-4,0,0,0,0,0
DL,06-08-2024,1728,N531DA,BOS,22:52:00,22:52:00,0,0,0,0,0,0
DL,06-08-2024,2135,N315DN,DTW,06:00:00,05:52:00,-8,0,0,0,0,0
DL,06-08-2024,2148,N803DN,DTW,23:15:00,00:37:00,82,0,0,0,0,79
DL,06-08-2024,2274,N840DN,MSP,12:05:00,12:02:00,-3,0,0,0,0,0
DL,06-08-2024,2284,N843DN,MSP,14:01:00,14:01:00,0,0,0,0,0,0
DL,06-08-2024,2287,N320DN,MSP,17:00:00,16:41:00,-19,0,0,0,0,0
DL,06-08-2024,2288,N863DN,MSP,09:23:00,09:19:00,-4,0,0,0,0,0
DL,06-08-2024,2419,N3769L,SEA,11:15:00,11:06:00,-9,0,0,0,0,0
DL,06-08-2024,2442,N3763D,SEA,19:10:00,20:44:00,94,0,0,32,0,94
DL,06-08-2024,2444,N3752,SEA,06:02:00,06:12:00,10,0,0,0,0,0
DL,06-08-2024,2447,N3752,SEA,13:56:00,13:52:00,-4,0,0,0,0,0
DL,06-08-2024,2449,N3759,SEA,15:45:00,15:36:00,-9,0,0,0,0,0
DL,06-08-2024,2553,N114DN,MSP,06:00:00,05:50:00,-10,0,0,0,0,0
DL,06-08-2024,2563,N369DN,MSP,00:41:00,00:56:00,15,0,0,0,0,0
DL,07-08-2024,348,N696DL,ATL,10:17:00,10:14:00,-3,0,0,0,0,0
DL,07-08-2024,546,N523DE,JFK,06:07:00,00:00:00,0,0,0,0,0,0
DL,07-08-2024,672,N549US,ATL,15:02:00,15:12:00,10,10,0,11,0,0
DL,07-08-2024,791,N886DN,JFK,12:08:00,12:04:00,-4,0,0,0,0,0
DL,07-08-2024,796,N550NW,ATL,13:06:00,13:05:00,-1,0,0,0,0,0
DL,07-08-2024,813,N839DN,DTW,15:02:00,15:01:00,-1,0,0,0,0,0
DL,07-08-2024,901,N6700,ATL,07:05:00,07:03:00,-2,0,0,0,0,0
DL,07-08-2024,918,N388DN,ATL,06:00:00,06:01:00,1,0,0,0,0,0
DL,07-08-2024,929,N314DN,ATL,23:45:00,23:47:00,2,0,0,0,0,0
DL,07-08-2024,1070,N803DN,DTW,11:00:00,10:51:00,-9,0,0,0,0,0
DL,07-08-2024,1431,N879DN,SLC,13:25:00,13:23:00,-2,0,0,0,0,0
DL,07-08-2024,1432,N805DN,SLC,17:02:00,16:54:00,-8,0,0,0,0,0
DL,07-08-2024,1447,N807DN,SLC,10:05:00,10:03:00,-2,0,0,0,0,0
DL,07-08-2024,1451,N3766,SLC,19:00:00,18:55:00,-5,0,0,0,0,0
DL,07-08-2024,1535,N582DN,SLC,06:10:00,06:08:00,-2,0,0,0,0,0
DL,07-08-2024,1728,N504DZ,BOS,22:52:00,22:59:00,7,0,0,0,0,0
DL,07-08-2024,2135,N107DN,DTW,06:00:00,06:02:00,2,0,0,0,0,0
DL,07-08-2024,2148,N390DN,DTW,23:00:00,23:05:00,5,0,0,0,0,0
DL,07-08-2024,2274,N906DN,MSP,12:05:00,12:01:00,-4,0,0,0,0,0
DL,07-08-2024,2284,N864DN,MSP,14:01:00,13:56:00,-5,0,0,0,0,0
DL,07-08-2024,2287,N330DX,MSP,17:00:00,17:00:00,0,0,0,0,0,0
DL,07-08-2024,2288,N804DN,MSP,09:23:00,09:17:00,-6,0,0,0,0,0
DL,07-08-2024,2419,N3734B,SEA,11:15:00,11:09:00,-6,0,0,0,0,0
DL,07-08-2024,2442,N3745B,SEA,19:10:00,19:01:00,-9,0,0,0,0,0
DL,07-08-2024,2444,N398DA,SEA,06:02:00,05:58:00,-4,0,0,0,0,0
DL,07-08-2024,2447,N398DA,SEA,13:56:00,14:07:00,11,0,0,0,0,0
DL,07-08-2024,2449,N3772H,SEA,15:45:00,15:58:00,13,0,0,5,0,13
DL,07-08-2024,2553,N110DX,MSP,06:00:00,05:56:00,-4,0,0,0,0,0
DL,07-08-2024,2563,N104DN,MSP,00:41:00,00:31:00,-10,0,0,0,0,0
DL,08-08-2024,348,N682DA,ATL,10:17:00,10:17:00,0,0,0,0,0,0
DL,08-08-2024,546,N525DA,JFK,06:07:00,06:00:00,-7,0,0,0,0,0
DL,08-08-2024,548,N504DZ,JFK,22:59:00,23:00:00,1,0,0,0,0,0
DL,08-08-2024,672,N6700,ATL,15:02:00,15:02:00,0,0,0,0,0,0
DL,08-08-2024,791,N574DT,JFK,12:08:00,14:07:00,119,0,0,94,0,0
DL,08-08-2024,796,N680DA,ATL,13:06:00,13:04:00,-2,0,0,0,0,0
DL,08-08-2024,813,N866DN,DTW,15:02:00,14:55:00,-7,0,0,0,0,0
DL,08-08-2024,901,N659DL,ATL,07:05:00,07:07:00,2,0,0,0,0,0
DL,08-08-2024,918,N103DY,ATL,06:00:00,06:03:00,3,0,0,0,0,0
DL,08-08-2024,929,N122DN,ATL,23:45:00,23:44:00,-1,0,0,0,0,0
DL,08-08-2024,1070,N806DN,DTW,11:00:00,10:57:00,-3,0,0,0,0,0
DL,08-08-2024,1431,N921DU,SLC,13:25:00,13:21:00,-4,0,0,0,0,0
DL,08-08-2024,1432,N818DA,SLC,17:02:00,16:59:00,-3,0,0,0,0,0
DL,08-08-2024,1447,N920DU,SLC,10:05:00,09:58:00,-7,0,0,0,0,0
DL,08-08-2024,1451,N3757D,SLC,19:00:00,19:11:00,11,11,0,4,0,0
DL,08-08-2024,1535,N572DT,SLC,06:10:00,06:07:00,-3,0,0,0,0,0
DL,08-08-2024,1728,N535DN,BOS,22:52:00,22:40:00,-12,0,0,0,0,0
DL,08-08-2024,2135,N346DN,DTW,06:00:00,05:57:00,-3,0,0,0,0,0
DL,08-08-2024,2148,N844DN,DTW,23:14:00,23:44:00,30,5,0,0,0,15
DL,08-08-2024,2274,N891DN,MSP,12:05:00,12:10:00,5,0,0,0,0,0
DL,08-08-2024,2284,N903DN,MSP,14:01:00,13:55:00,-6,0,0,0,0,0
DL,08-08-2024,2287,N345DN,MSP,17:00:00,17:27:00,27,2,0,7,0,25
DL,08-08-2024,2288,N836DN,MSP,09:23:00,09:31:00,8,0,0,0,0,0
DL,08-08-2024,2419,N3747D,SEA,11:15:00,11:10:00,-5,0,0,0,0,0
DL,08-08-2024,2442,N3763D,SEA,19:10:00,19:17:00,7,0,0,19,0,7
DL,08-08-2024,2444,N3753,SEA,06:02:00,07:45:00,103,103,0,7,0,0
DL,08-08-2024,2447,N380DA,SEA,13:56:00,13:50:00,-6,0,0,0,0,0
DL,08-08-2024,2449,N3759,SEA,15:45:00,16:02:00,17,0,0,0,0,0
DL,08-08-2024,2553,N397DN,MSP,06:00:00,05:58:00,-2,0,0,0,0,0
DL,08-08-2024,2563,N120DN,MSP,00:41:00,00:32:00,-9,0,0,0,0,0
DL,09-08-2024,348,N678DL,ATL,10:17:00,10:12:00,-5,0,0,0,0,0
DL,09-08-2024,546,N580DT,JFK,06:07:00,06:04:00,-3,0,0,21,0,0
DL,09-08-2024,548,N516DA,JFK,22:59:00,02:04:00,185,155,0,0,0,0
DL,09-08-2024,672,N680DA,ATL,15:02:00,14:59:00,-3,0,0,0,0,0
DL,09-08-2024,791,N577DN,JFK,12:08:00,12:03:00,-5,0,0,0,0,0
DL,09-08-2024,796,N690DL,ATL,13:06:00,13:17:00,11,0,0,0,0,0
DL,09-08-2024,813,N819DN,DTW,15:02:00,14:54:00,-8,0,0,0,0,0
DL,09-08-2024,901,N6708D,ATL,07:05:00,07:01:00,-4,0,0,0,0,0
DL,09-08-2024,918,N354DN,ATL,06:00:00,05:56:00,-4,0,0,0,0,0
DL,09-08-2024,929,N371DN,ATL,23:45:00,23:42:00,-3,0,0,0,0,0
DL,09-08-2024,1070,N902DN,DTW,11:00:00,11:03:00,3,0,0,0,0,0
DL,09-08-2024,1431,N809DN,SLC,13:25:00,13:22:00,-3,0,0,0,0,0
DL,09-08-2024,1432,N832DN,SLC,17:02:00,17:14:00,12,0,0,0,0,0
DL,09-08-2024,1447,N776DE,SLC,10:05:00,10:11:00,6,0,0,0,0,0
DL,09-08-2024,1451,N3743H,SLC,19:00:00,18:52:00,-8,0,0,0,0,0
DL,09-08-2024,1535,N575DN,SLC,06:10:00,06:02:00,-8,0,0,0,0,0
DL,09-08-2024,1728,N510DE,BOS,22:52:00,23:17:00,25,0,0,0,0,0
DL,09-08-2024,2135,N112DN,DTW,06:00:00,05:53:00,-7,0,0,0,0,0
DL,09-08-2024,2148,N802DN,DTW,23:14:00,23:05:00,-9,0,0,0,0,0
DL,09-08-2024,2274,N801DZ,MSP,12:05:00,12:04:00,-1,0,0,0,0,0
DL,09-08-2024,2284,N922DZ,MSP,14:01:00,13:59:00,-2,0,0,0,0,0
DL,09-08-2024,2287,N118DY,MSP,17:00:00,16:47:00,-13,0,0,0,0,0
DL,09-08-2024,2288,N894DN,MSP,09:23:00,09:36:00,13,0,0,0,0,0
DL,09-08-2024,2419,N3769L,SEA,11:15:00,11:09:00,-6,0,0,0,0,0
DL,09-08-2024,2442,N3745B,SEA,19:10:00,19:00:00,-10,0,0,0,0,0
DL,09-08-2024,2444,N371DA,SEA,06:02:00,06:02:00,0,0,0,0,0,0
DL,09-08-2024,2447,N371DA,SEA,13:56:00,13:52:00,-4,0,0,27,0,0
DL,09-08-2024,2449,N391DA,SEA,15:45:00,15:32:00,-13,0,0,0,0,0
DL,09-08-2024,2553,N125DN,MSP,06:00:00,05:53:00,-7,0,0,0,0,0
DL,09-08-2024,2563,N109DN,MSP,00:41:00,00:35:00,-6,0,0,0,0,0
DL,10-08-2024,348,N540US,ATL,10:17:00,11:55:00,98,98,0,38,0,0
DL,10-08-2024,546,N536DN,JFK,06:07:00,05:54:00,-13,0,0,0,0,0
DL,10-08-2024,791,N576DN,JFK,12:08:00,12:23:00,15,0,0,0,0,0
DL,10-08-2024,796,N551NW,ATL,13:06:00,13:09:00,3,0,0,0,0,0
DL,10-08-2024,813,N880DN,DTW,14:51:00,15:15:00,24,0,0,0,0,0
DL,10-08-2024,901,N6715C,ATL,07:05:00,06:59:00,-6,0,0,0,0,0
DL,10-08-2024,918,N365DN,ATL,06:00:00,06:04:00,4,0,0,0,0,0
DL,10-08-2024,929,N317DN,ATL,23:45:00,23:52:00,7,0,0,0,0,0
DL,10-08-2024,1070,N832DN,DTW,11:00:00,11:02:00,2,0,0,0,0,0
DL,10-08-2024,1431,N883DN,SLC,13:25:00,13:16:00,-9,0,0,0,0,0
DL,10-08-2024,1432,N394DA,SLC,17:02:00,16:50:00,-12,0,0,0,0,0
DL,10-08-2024,1447,N394DA,SLC,10:05:00,09:58:00,-7,0,0,0,0,0
DL,10-08-2024,1535,N370NB,SLC,06:10:00,06:05:00,-5,0,0,0,0,0
DL,10-08-2024,1728,N548DN,BOS,22:52:00,23:19:00,27,0,0,0,0,0
DL,10-08-2024,2135,N109DN,DTW,06:00:00,05:53:00,-7,0,0,0,0,0
DL,10-08-2024,2274,N866DN,MSP,12:05:00,12:05:00,0,0,0,0,0,0
DL,10-08-2024,2284,N114DN,MSP,13:32:00,13:29:00,-3,0,0,0,0,0
DL,10-08-2024,2288,N808DN,MSP,09:23:00,09:20:00,-3,0,0,0,0,0
DL,10-08-2024,2419,N3741S,SEA,11:15:00,11:13:00,-2,0,0,0,0,0
DL,10-08-2024,2444,N775DE,SEA,06:02:00,05:54:00,-8,0,0,0,0,0
DL,10-08-2024,2447,N775DE,SEA,13:56:00,14:14:00,18,0,0,0,0,0
DL,10-08-2024,2449,N390DA,SEA,15:45:00,15:42:00,-3,0,0,19,0,0
DL,10-08-2024,2553,N391DN,MSP,06:00:00,05:54:00,-6,0,0,0,0,0
DL,10-08-2024,2563,N386DN,MSP,00:41:00,00:22:00,-19,0,0,0,0,0
DL,11-08-2024,348,N683DA,ATL,10:17:00,10:13:00,-4,0,0,0,0,0
DL,11-08-2024,546,N530DE,JFK,06:07:00,06:01:00,-6,0,0,0,0,0
DL,11-08-2024,548,N504DZ,JFK,22:59:00,23:12:00,13,0,0,0,0,0
DL,11-08-2024,672,N689DL,ATL,15:02:00,15:00:00,-2,0,0,0,0,0
DL,11-08-2024,791,N575DN,JFK,12:08:00,12:29:00,21,0,0,0,0,0
DL,11-08-2024,796,N696DL,ATL,13:06:00,13:01:00,-5,0,0,0,0,0
DL,11-08-2024,813,N880DN,DTW,15:02:00,15:00:00,-2,0,0,0,0,0
DL,11-08-2024,901,N676DL,ATL,07:05:00,07:05:00,0,0,0,0,0,0
DL,11-08-2024,918,N348DN,ATL,06:00:00,05:58:00,-2,0,0,0,0,0
DL,11-08-2024,929,N354DN,ATL,23:45:00,23:44:00,-1,0,0,0,0,0
DL,11-08-2024,1070,N833DN,DTW,11:00:00,10:52:00,-8,0,0,0,0,0
DL,11-08-2024,1431,N847DN,SLC,13:25:00,13:21:00,-4,0,0,0,0,0
DL,11-08-2024,1432,N862DN,SLC,17:02:00,18:08:00,66,0,0,0,0,66
DL,11-08-2024,1447,N394DA,SLC,10:05:00,10:11:00,6,0,0,0,0,0
DL,11-08-2024,1451,N3766,SLC,19:00:00,18:53:00,-7,0,0,0,0,0
DL,11-08-2024,1535,N577DN,SLC,06:10:00,06:08:00,-2,0,0,0,0,0
DL,11-08-2024,1728,N529DT,BOS,22:52:00,22:42:00,-10,0,0,0,0,0
DL,11-08-2024,2135,N380DN,DTW,06:00:00,06:48:00,48,33,0,0,0,0
DL,11-08-2024,2148,N930DZ,DTW,23:14:00,00:10:00,56,0,0,0,0,48
DL,11-08-2024,2274,N929DZ,MSP,12:05:00,12:04:00,-1,0,0,0,0,0
DL,11-08-2024,2284,N926DZ,MSP,14:01:00,14:33:00,32,21,0,0,0,0
DL,11-08-2024,2287,N373DX,MSP,17:00:00,17:18:00,18,0,0,0,0,0
DL,11-08-2024,2288,N855DN,MSP,09:23:00,10:11:00,48,0,0,0,0,36
DL,11-08-2024,2419,N3747D,SEA,11:15:00,11:06:00,-9,0,0,0,0,0
DL,11-08-2024,2442,N3765,SEA,19:10:00,19:01:00,-9,0,0,0,0,0
DL,11-08-2024,2444,N3748Y,SEA,06:02:00,05:58:00,-4,0,0,0,0,0
DL,11-08-2024,2447,N3748Y,SEA,13:56:00,14:50:00,54,0,0,0,0,52
DL,11-08-2024,2449,N391DA,SEA,15:45:00,16:21:00,36,0,0,0,0,26
DL,11-08-2024,2553,N389DN,MSP,06:00:00,05:57:00,-3,0,0,0,0,0
DL,11-08-2024,2563,N110DX,MSP,00:41:00,00:28:00,-13,0,0,0,0,0
DL,12-08-2024,348,N698DL,ATL,10:17:00,10:44:00,27,2,0,0,0,17
DL,12-08-2024,546,N540DE,JFK,06:07:00,06:04:00,-3,0,0,0,0,0
DL,12-08-2024,672,N6700,ATL,15:02:00,15:06:00,4,0,0,0,0,0
DL,12-08-2024,791,N574DT,JFK,12:08:00,12:10:00,2,0,0,0,0,0
DL,12-08-2024,796,N696DL,ATL,13:06:00,13:09:00,3,0,0,0,0,0
DL,12-08-2024,813,N897DN,DTW,15:02:00,15:31:00,29,0,0,0,0,0
DL,12-08-2024,901,N538US,ATL,07:05:00,14:16:00,431,431,0,15,0,0
DL,12-08-2024,918,N325DN,ATL,06:00:00,05:58:00,-2,0,0,0,0,0
DL,12-08-2024,929,N374DX,ATL,23:45:00,23:41:00,-4,0,0,0,0,0
DL,12-08-2024,1070,N844DN,DTW,11:00:00,10:58:00,-2,0,0,0,0,0
DL,12-08-2024,1431,N875DN,SLC,13:25:00,13:21:00,-4,0,0,0,0,0
DL,12-08-2024,1432,N911DQ,SLC,17:02:00,16:56:00,-6,0,0,0,0,0
DL,12-08-2024,1447,N825DN,SLC,10:05:00,09:58:00,-7,0,0,0,0,0
DL,12-08-2024,1451,N3757D,SLC,19:00:00,19:29:00,29,0,0,0,0,23
DL,12-08-2024,1535,N572DT,SLC,06:10:00,06:05:00,-5,0,0,0,0,0
DL,12-08-2024,1728,N581DA,BOS,22:37:00,22:35:00,-2,0,0,0,0,0
DL,12-08-2024,2135,N394DX,DTW,06:00:00,05:58:00,-2,0,0,0,0,0
DL,12-08-2024,2148,N814DN,DTW,23:14:00,23:28:00,14,0,0,3,0,14
DL,12-08-2024,2274,N856DN,MSP,12:05:00,12:20:00,15,0,0,0,0,0
DL,12-08-2024,2284,N866DN,MSP,14:01:00,14:00:00,-1,0,0,0,0,0
DL,12-08-2024,2287,N382DN,MSP,17:00:00,16:57:00,-3,0,0,0,0,0
DL,12-08-2024,2288,N859DN,MSP,09:23:00,09:20:00,-3,0,0,0,0,0
DL,12-08-2024,2419,N3745B,SEA,11:15:00,11:11:00,-4,0,0,0,0,0
DL,12-08-2024,2442,N3765,SEA,19:10:00,19:24:00,14,14,0,9,0,0
DL,12-08-2024,2444,N391DA,SEA,06:02:00,05:57:00,-5,0,0,0,0,0
DL,12-08-2024,2447,N391DA,SEA,13:56:00,14:10:00,14,0,0,0,0,0
DL,12-08-2024,2449,N3756,SEA,15:45:00,15:38:00,-7,0,0,0,0,0
DL,12-08-2024,2553,N353DN,MSP,06:00:00,05:55:00,-5,0,0,0,0,0
DL,12-08-2024,2563,N103DY,MSP,00:41:00,01:24:00,43,22,0,0,0,0
DL,13-08-2024,348,N6706Q,ATL,10:17:00,10:21:00,4,0,0,0,0,0
DL,13-08-2024,546,N550DN,JFK,06:07:00,06:07:00,0,0,0,0,0,0
DL,13-08-2024,791,N867DN,JFK,12:08:00,13:07:00,59,0,0,8,0,59
DL,13-08-2024,796,N546US,ATL,13:06:00,13:00:00,-6,0,0,0,0,0
DL,13-08-2024,813,N898DN,DTW,15:02:00,14:49:00,-13,0,0,0,0,0
DL,13-08-2024,901,N678DL,ATL,07:05:00,07:01:00,-4,0,0,0,0,0
DL,13-08-2024,918,N384DN,ATL,06:00:00,05:55:00,-5,0,0,0,0,0
DL,13-08-2024,929,N347DN,ATL,23:45:00,23:41:00,-4,0,0,0,0,0
DL,13-08-2024,1070,N908DN,DTW,11:00:00,11:13:00,13,0,0,0,0,0
DL,13-08-2024,1431,N864DN,SLC,13:25:00,13:23:00,-2,0,0,0,0,0
DL,13-08-2024,1432,N116DN,SLC,17:08:00,17:00:00,-8,0,0,0,0,0
DL,13-08-2024,1447,N896DN,SLC,10:05:00,09:57:00,-8,0,0,0,0,0
DL,13-08-2024,1451,N3772H,SLC,19:00:00,19:00:00,0,0,0,0,0,0
DL,13-08-2024,1535,N575DN,SLC,06:10:00,06:02:00,-8,0,0,0,0,0
DL,13-08-2024,1728,N582DN,BOS,22:37:00,22:24:00,-13,0,0,0,0,0
DL,13-08-2024,2135,N110DX,DTW,06:00:00,05:56:00,-4,0,0,0,0,0
DL,13-08-2024,2274,N903DN,MSP,12:05:00,12:01:00,-4,0,0,0,0,0
DL,13-08-2024,2284,N893DN,MSP,14:01:00,14:02:00,1,0,0,0,0,0
DL,13-08-2024,2287,N108DN,MSP,17:00:00,16:46:00,-14,0,0,0,0,0
DL,13-08-2024,2288,N869DN,MSP,09:23:00,09:20:00,-3,0,0,0,0,0
DL,13-08-2024,2419,N3743H,SEA,11:15:00,11:11:00,-4,0,0,0,0,0
DL,13-08-2024,2442,N3738B,SEA,19:10:00,19:45:00,35,0,0,0,0,23
DL,13-08-2024,2444,N3737C,SEA,06:02:00,05:57:00,-5,0,0,0,0,0
DL,13-08-2024,2447,N3737C,SEA,13:56:00,13:47:00,-9,0,0,0,0,0
DL,13-08-2024,2449,N37700,SEA,15:45:00,15:37:00,-8,0,0,0,0,0
DL,13-08-2024,2553,N395DZ,MSP,06:00:00,05:46:00,-14,0,0,0,0,0
DL,14-08-2024,348,N545US,ATL,10:17:00,10:13:00,-4,0,0,0,0,0
DL,14-08-2024,546,N545DE,JFK,06:07:00,06:05:00,-2,0,0,0,0,0
DL,14-08-2024,672,N683DA,ATL,15:02:00,14:55:00,-7,0,0,0,0,0
DL,14-08-2024,791,N844DN,JFK,12:08:00,12:04:00,-4,0,0,0,0,0
DL,14-08-2024,796,N667DN,ATL,13:06:00,13:09:00,3,0,0,0,0,0
DL,14-08-2024,813,N913DU,DTW,15:02:00,15:02:00,0,0,0,0,0,0
DL,14-08-2024,901,N553NW,ATL,07:05:00,07:05:00,0,0,0,0,0,0
DL,14-08-2024,918,N120DN,ATL,06:00:00,05:54:00,-6,0,0,0,0,0
DL,14-08-2024,929,N394DX,ATL,23:45:00,23:45:00,0,0,0,0,0,0
DL,14-08-2024,1070,N851DN,DTW,11:00:00,11:00:00,0,0,0,0,0,0
DL,14-08-2024,1431,N873DN,SLC,13:25:00,13:20:00,-5,0,0,0,0,0
DL,14-08-2024,1432,N394DA,SLC,17:08:00,19:26:00,138,0,0,0,0,126
DL,14-08-2024,1447,N884DN,SLC,10:05:00,09:59:00,-6,0,0,0,0,0
DL,14-08-2024,1451,N914DU,SLC,19:00:00,18:53:00,-7,0,0,0,0,0
DL,14-08-2024,1535,N574DT,SLC,06:10:00,06:08:00,-2,0,0,0,0,0
DL,14-08-2024,1728,N527DE,BOS,22:52:00,22:40:00,-12,0,0,0,0,0
DL,14-08-2024,2135,N319DN,DTW,06:00:00,06:00:00,0,0,0,0,0,0
DL,14-08-2024,2274,N881DN,MSP,12:05:00,12:07:00,2,0,0,0,0,0
DL,14-08-2024,2284,N926DZ,MSP,14:01:00,13:57:00,-4,0,0,0,0,0
DL,14-08-2024,2287,N367DN,MSP,17:00:00,17:14:00,14,0,0,0,0,0
DL,14-08-2024,2288,N809DN,MSP,09:23:00,09:22:00,-1,0,0,0,0,0
DL,14-08-2024,2419,N3766,SEA,11:15:00,11:13:00,-2,0,0,0,0,0
DL,14-08-2024,2442,N386DA,SEA,19:10:00,18:52:00,-18,0,0,0,0,0
DL,14-08-2024,2444,N3734B,SEA,06:02:00,05:53:00,-9,0,0,0,0,0
DL,14-08-2024,2447,N3734B,SEA,13:56:00,13:49:00,-7,0,0,0,0,0
DL,14-08-2024,2449,N3764D,SEA,15:45:00,15:40:00,-5,0,0,0,0,0
DL,14-08-2024,2553,N353DN,MSP,06:00:00,05:55:00,-5,0,0,0,0,0
DL,15-08-2024,348,N694DL,ATL,10:17:00,10:12:00,-5,0,0,0,0,0
DL,15-08-2024,546,N535DN,JFK,06:07:00,06:05:00,-2,0,0,0,0,0
DL,15-08-2024,672,N689DL,ATL,15:02:00,15:00:00,-2,0,0,0,0,0
DL,15-08-2024,791,N575DN,JFK,12:08:00,12:07:00,-1,0,0,0,0,0
DL,15-08-2024,796,N6713Y,ATL,13:06:00,13:02:00,-4,0,0,0,0,0
DL,15-08-2024,813,N872DN,DTW,15:02:00,14:59:00,-3,0,0,0,0,0
DL,15-08-2024,901,N6712B,ATL,07:05:00,06:59:00,-6,0,0,0,0,0
DL,15-08-2024,918,N356DN,ATL,06:00:00,05:57:00,-3,0,0,0,0,0
DL,15-08-2024,929,N380DN,ATL,23:45:00,23:44:00,-1,0,0,0,0,0
DL,15-08-2024,1070,N828DN,DTW,11:00:00,11:17:00,17,0,0,0,0,0
DL,15-08-2024,1431,N837DN,SLC,13:25:00,13:21:00,-4,0,0,0,0,0
DL,15-08-2024,1432,N813DN,SLC,17:02:00,16:54:00,-8,0,0,0,0,0
DL,15-08-2024,1447,N889DN,SLC,10:05:00,09:57:00,-8,0,0,0,0,0
DL,15-08-2024,1451,N377DE,SLC,19:00:00,19:00:00,0,0,0,0,0,0
DL,15-08-2024,1535,N577DN,SLC,06:10:00,06:07:00,-3,0,0,0,0,0
DL,15-08-2024,1728,N125DN,BOS,22:52:00,00:48:00,116,116,0,2,0,0
DL,15-08-2024,2135,N388DN,DTW,06:00:00,06:00:00,0,0,0,0,0,0
DL,15-08-2024,2148,N804DN,DTW,23:14:00,00:03:00,49,0,0,0,0,37
DL,15-08-2024,2274,N900DU,MSP,12:05:00,12:05:00,0,0,0,0,0,0
DL,15-08-2024,2284,N890DN,MSP,14:01:00,14:03:00,2,0,0,0,0,0
DL,15-08-2024,2287,N327DN,MSP,17:00:00,16:55:00,-5,0,0,0,0,0
DL,15-08-2024,2288,N808DN,MSP,09:23:00,09:43:00,20,0,0,0,0,0
DL,15-08-2024,2419,N380DA,SEA,11:15:00,11:13:00,-2,0,0,0,0,0
DL,15-08-2024,2442,N37700,SEA,19:10:00,19:08:00,-2,0,0,0,0,0
DL,15-08-2024,2444,N3747D,SEA,06:02:00,05:58:00,-4,0,0,0,0,0
DL,15-08-2024,2447,N3747D,SEA,13:56:00,13:57:00,1,0,0,0,0,0
DL,15-08-2024,2449,N3749D,SEA,15:45:00,16:04:00,19,0,0,0,0,0
DL,15-08-2024,2553,N380DN,MSP,06:00:00,05:52:00,-8,0,0,0,0,0
DL,16-08-2024,348,N544US,ATL,10:17:00,10:12:00,-5,0,0,0,0,0
DL,16-08-2024,546,N527DE,JFK,06:07:00,06:02:00,-5,0,0,0,0,0
DL,16-08-2024,672,N660DL,ATL,15:02:00,15:29:00,27,27,0,27,0,0
DL,16-08-2024,791,N574DT,JFK,12:08:00,12:18:00,10,0,0,0,0,0
DL,16-08-2024,796,N556NW,ATL,13:06:00,13:17:00,11,0,0,0,0,0
DL,16-08-2024,813,N859DN,DTW,15:02:00,14:57:00,-5,0,0,0,0,0
DL,16-08-2024,901,N694DL,ATL,07:05:00,07:12:00,7,0,0,0,0,0
DL,16-08-2024,918,N512DE,ATL,06:00:00,06:02:00,2,0,0,0,0,0
DL,16-08-2024,929,N348DN,ATL,23:45:00,23:57:00,12,0,0,0,0,0
DL,16-08-2024,1070,N905DN,DTW,11:00:00,11:09:00,9,0,0,0,0,0
DL,16-08-2024,1431,N904DN,SLC,13:25:00,13:20:00,-5,0,0,0,0,0
DL,16-08-2024,1432,N925DZ,SLC,17:02:00,16:58:00,-4,0,0,0,0,0
DL,16-08-2024,1447,N856DN,SLC,10:05:00,10:00:00,-5,0,0,0,0,0
DL,16-08-2024,1451,N3738B,SLC,19:00:00,18:53:00,-7,0,0,0,0,0
DL,16-08-2024,1535,N572DT,SLC,06:10:00,06:07:00,-3,0,0,0,0,0
DL,16-08-2024,1728,N579DT,BOS,22:37:00,23:00:00,23,0,0,0,0,0
DL,16-08-2024,2135,N331DN,DTW,06:00:00,09:16:00,196,188,0,0,0,0
DL,16-08-2024,2148,N824DN,DTW,23:14:00,23:10:00,-4,0,0,0,0,0
DL,16-08-2024,2274,N924DZ,MSP,12:05:00,12:41:00,36,0,0,29,0,11
DL,16-08-2024,2284,N840DN,MSP,14:01:00,14:53:00,52,0,0,67,0,0
DL,16-08-2024,2287,N381DZ,MSP,17:00:00,16:58:00,-2,0,0,0,0,0
DL,16-08-2024,2288,N901DN,MSP,09:23:00,09:34:00,11,0,0,33,0,11
DL,16-08-2024,2419,N396DA,SEA,11:15:00,11:08:00,-7,0,0,0,0,0
DL,16-08-2024,2442,N386DA,SEA,19:10:00,18:59:00,-11,0,0,0,0,0
DL,16-08-2024,2444,N3766,SEA,06:02:00,06:05:00,3,0,0,0,0,0
DL,16-08-2024,2447,N3766,SEA,13:56:00,13:51:00,-5,0,0,0,0,0
DL,16-08-2024,2449,N383DN,SEA,15:45:00,15:37:00,-8,0,0,0,0,0
DL,16-08-2024,2553,N122DN,MSP,06:00:00,05:57:00,-3,0,0,0,0,0
DL,17-08-2024,348,N539US,ATL,10:17:00,10:15:00,-2,0,0,0,0,0
DL,17-08-2024,546,N525DA,JFK,06:07:00,06:04:00,-3,0,0,0,0,0
DL,17-08-2024,791,N577DN,JFK,12:08:00,12:24:00,16,0,0,0,0,0
DL,17-08-2024,796,N557NW,ATL,13:06:00,13:03:00,-3,0,0,0,0,0
DL,17-08-2024,813,N868DN,DTW,14:51:00,14:45:00,-6,0,0,0,0,0
DL,17-08-2024,901,N6712B,ATL,07:05:00,07:04:00,-1,0,0,0,0,0
DL,17-08-2024,918,N108DN,ATL,06:00:00,05:59:00,-1,0,0,0,0,0
DL,17-08-2024,929,N324DX,ATL,23:45:00,23:58:00,13,0,0,0,0,0
DL,17-08-2024,1070,N877DN,DTW,11:00:00,10:54:00,-6,0,0,0,0,0
DL,17-08-2024,1431,N322NB,SLC,13:25:00,13:19:00,-6,0,0,0,0,0
DL,17-08-2024,1432,N913DU,SLC,17:02:00,17:15:00,13,0,0,0,0,0
DL,17-08-2024,1447,N905DN,SLC,10:05:00,09:55:00,-10,0,0,0,0,0
DL,17-08-2024,1535,N378DN,SLC,06:10:00,06:04:00,-6,0,0,0,0,0
DL,17-08-2024,1728,N520DE,BOS,22:52:00,22:43:00,-9,0,0,0,0,0
DL,17-08-2024,2135,N330DX,DTW,06:00:00,05:54:00,-6,0,0,0,0,0
DL,17-08-2024,2274,N840DN,MSP,12:05:00,12:03:00,-2,0,0,0,0,0
DL,17-08-2024,2284,N390DN,MSP,13:32:00,13:30:00,-2,0,0,0,0,0
DL,17-08-2024,2287,N396DN,MSP,17:00:00,16:50:00,-10,0,0,0,0,0
DL,17-08-2024,2288,N812DN,MSP,09:23:00,09:15:00,-8,0,0,0,0,0
DL,17-08-2024,2419,N386DA,SEA,11:15:00,11:14:00,-1,0,0,0,0,0
DL,17-08-2024,2444,N3763D,SEA,06:02:00,05:58:00,-4,0,0,0,0,0
DL,17-08-2024,2447,N3763D,SEA,13:56:00,14:13:00,17,0,0,0,0,0
DL,17-08-2024,2449,N390DA,SEA,15:45:00,19:09:00,204,204,0,118,0,0
DL,17-08-2024,2553,N331DN,MSP,06:00:00,05:56:00,-4,0,0,0,0,0
DL,18-08-2024,348,N698DL,ATL,10:17:00,10:17:00,0,0,0,0,0,0
DL,18-08-2024,546,N573DT,JFK,06:07:00,06:14:00,7,0,0,0,0,0
DL,18-08-2024,672,N6712B,ATL,15:02:00,15:06:00,4,0,0,0,0,0
DL,18-08-2024,791,N576DN,JFK,12:08:00,12:51:00,43,0,0,0,0,0
DL,18-08-2024,796,N697DL,ATL,13:06:00,13:05:00,-1,0,0,0,0,0
DL,18-08-2024,813,N831DN,DTW,15:02:00,14:58:00,-4,0,0,0,0,0
DL,18-08-2024,901,N695DL,ATL,07:05:00,07:03:00,-2,0,0,0,0,0
DL,18-08-2024,918,N307DX,ATL,06:00:00,06:05:00,5,0,0,0,0,0
DL,18-08-2024,929,N123DW,ATL,23:45:00,23:39:00,-6,0,0,0,0,0
DL,18-08-2024,1070,N882DN,DTW,11:00:00,10:59:00,-1,0,0,0,0,0
DL,18-08-2024,1431,N819DN,SLC,13:25:00,13:16:00,-9,0,0,0,0,0
DL,18-08-2024,1432,N807DN,SLC,17:02:00,16:56:00,-6,0,0,0,0,0
DL,18-08-2024,1447,N891DN,SLC,10:05:00,10:00:00,-5,0,0,0,0,0
DL,18-08-2024,1451,N377DE,SLC,19:00:00,19:10:00,10,0,0,0,0,0
DL,18-08-2024,1535,N574DT,SLC,06:10:00,06:01:00,-9,0,0,0,0,0
DL,18-08-2024,1728,N528DE,BOS,22:52:00,23:31:00,39,0,0,0,0,37
DL,18-08-2024,2135,N387DN,DTW,06:00:00,05:51:00,-9,0,0,0,0,0
DL,18-08-2024,2148,N811DZ,DTW,23:14:00,23:55:00,41,0,0,3,0,41
DL,18-08-2024,2274,N887DN,MSP,12:05:00,12:18:00,13,0,0,0,0,0
DL,18-08-2024,2284,N849DN,MSP,14:01:00,14:19:00,18,11,0,0,0,4
DL,18-08-2024,2287,N316DN,MSP,17:00:00,16:52:00,-8,0,0,0,0,0
DL,18-08-2024,2288,N895DN,MSP,09:23:00,09:15:00,-8,0,0,0,0,0
DL,18-08-2024,2419,N774DE,SEA,11:15:00,11:10:00,-5,0,0,0,0,0
DL,18-08-2024,2442,N3754A,SEA,19:10:00,19:09:00,-1,0,0,0,0,0
DL,18-08-2024,2444,N3772H,SEA,06:02:00,08:05:00,123,0,0,111,0,0
DL,18-08-2024,2447,N386DA,SEA,13:56:00,14:49:00,53,1,0,7,0,52
DL,18-08-2024,2449,N3765,SEA,15:45:00,15:50:00,5,0,0,0,0,0
DL,18-08-2024,2553,N397DN,MSP,06:00:00,05:52:00,-8,0,0,0,0,0
DL,19-08-2024,348,N670DN,ATL,10:17:00,10:15:00,-2,0,0,0,0,0
DL,19-08-2024,546,N550DN,JFK,06:07:00,06:04:00,-3,0,0,0,0,0
DL,19-08-2024,672,N6706Q,ATL,15:02:00,15:03:00,1,0,0,0,0,0
DL,19-08-2024,791,N579DT,JFK,12:08:00,15:38:00,210,0,0,213,0,0
DL,19-08-2024,796,N665DN,ATL,13:06:00,13:02:00,-4,0,0,0,0,0
DL,19-08-2024,813,N913DU,DTW,15:02:00,14:57:00,-5,0,0,0,0,0
DL,19-08-2024,901,N694DL,ATL,07:05:00,07:11:00,6,0,0,0,0,0
DL,19-08-2024,918,N372DN,ATL,06:00:00,05:56:00,-4,0,0,0,0,0
DL,19-08-2024,929,N111DC,ATL,23:45:00,23:39:00,-6,0,0,0,0,0
DL,19-08-2024,1070,N909DN,DTW,11:00:00,10:51:00,-9,0,0,0,0,0
DL,19-08-2024,1431,N923DZ,SLC,13:25:00,13:15:00,-10,0,0,0,0,0
DL,19-08-2024,1432,N812DN,SLC,17:02:00,16:54:00,-8,0,0,0,0,0
DL,19-08-2024,1447,N880DN,SLC,10:05:00,10:01:00,-4,0,0,0,0,0
DL,19-08-2024,1451,N388DA,SLC,19:00:00,19:02:00,2,0,0,0,0,0
DL,19-08-2024,1535,N574DT,SLC,06:10:00,06:02:00,-8,0,0,0,0,0
DL,19-08-2024,1728,N575DN,BOS,22:37:00,22:26:00,-11,0,0,0,0,0
DL,19-08-2024,2135,N376DA,DTW,06:00:00,09:53:00,233,223,0,0,0,0
DL,19-08-2024,2148,N829DN,DTW,23:14:00,23:12:00,-2,0,0,0,0,0
DL,19-08-2024,2274,N863DN,MSP,12:05:00,12:00:00,-5,0,0,0,0,0
DL,19-08-2024,2284,N845DN,MSP,14:01:00,14:26:00,25,0,0,0,0,18
DL,19-08-2024,2287,N379DN,MSP,17:00:00,16:59:00,-1,0,0,0,0,0
DL,19-08-2024,2288,N886DN,MSP,09:23:00,09:19:00,-4,0,0,0,0,0
DL,19-08-2024,2419,N3746H,SEA,11:15:00,11:18:00,3,0,0,0,0,0
DL,19-08-2024,2442,N3747D,SEA,19:10:00,18:55:00,-15,0,0,0,0,0
DL,19-08-2024,2444,N383DN,SEA,06:02:00,05:55:00,-7,0,0,0,0,0
DL,19-08-2024,2447,N383DN,SEA,13:56:00,13:53:00,-3,0,0,0,0,0
DL,19-08-2024,2449,N3772H,SEA,15:45:00,15:43:00,-2,0,0,0,0,0
DL,19-08-2024,2553,N382DN,MSP,06:00:00,05:57:00,-3,0,0,0,0,0
DL,20-08-2024,348,N676DL,ATL,10:17:00,10:20:00,3,0,0,0,0,0
DL,20-08-2024,546,N580DT,JFK,06:07:00,06:07:00,0,0,0,0,0,0
DL,20-08-2024,791,N547DE,JFK,12:08:00,12:02:00,-6,0,0,0,0,0
DL,20-08-2024,796,N6713Y,ATL,13:06:00,13:06:00,0,0,0,0,0,0
DL,20-08-2024,813,N891DN,DTW,15:02:00,14:50:00,-12,0,0,0,0,0
DL,20-08-2024,901,N669DN,ATL,07:05:00,07:00:00,-5,0,0,0,0,0
DL,20-08-2024,918,N374DX,ATL,06:00:00,05:55:00,-5,0,0,0,0,0
DL,20-08-2024,929,N368DN,ATL,23:45:00,23:37:00,-8,0,0,0,0,0
DL,20-08-2024,1070,N829DN,DTW,11:00:00,10:59:00,-1,0,0,0,0,0
DL,20-08-2024,1431,N894DN,SLC,13:25:00,13:16:00,-9,0,0,0,0,0
DL,20-08-2024,1432,N348DN,SLC,17:08:00,17:00:00,-8,0,0,0,0,0
DL,20-08-2024,1447,N889DN,SLC,10:05:00,09:55:00,-10,0,0,0,0,0
DL,20-08-2024,1451,N3773D,SLC,19:00:00,18:53:00,-7,0,0,0,0,0
DL,20-08-2024,1535,N574DT,SLC,06:10:00,06:00:00,-10,0,0,0,0,0
DL,20-08-2024,1728,N577DN,BOS,22:37:00,22:40:00,3,0,0,0,0,0
DL,20-08-2024,2135,N382DN,DTW,06:00:00,06:01:00,1,0,0,0,0,0
DL,20-08-2024,2274,N855DN,MSP,12:05:00,12:01:00,-4,0,0,0,0,0
DL,20-08-2024,2284,N821DN,MSP,14:01:00,13:56:00,-5,0,0,0,0,0
DL,20-08-2024,2287,N376DN,MSP,17:00:00,16:55:00,-5,0,0,0,0,0
DL,20-08-2024,2288,N922DZ,MSP,09:23:00,09:25:00,2,0,0,0,0,0
DL,20-08-2024,2419,N386DA,SEA,11:15:00,11:07:00,-8,0,0,0,0,0
DL,20-08-2024,2442,N390DA,SEA,19:10:00,18:56:00,-14,0,0,0,0,0
DL,20-08-2024,2444,N371DA,SEA,06:02:00,05:57:00,-5,0,0,0,0,0
DL,20-08-2024,2447,N3772H,SEA,13:56:00,13:48:00,-8,0,0,0,0,0
DL,20-08-2024,2449,N371DA,SEA,15:45:00,15:29:00,-16,0,0,0,0,0
DL,20-08-2024,2553,N348DN,MSP,06:00:00,06:00:00,0,0,0,0,0,0
DL,21-08-2024,348,N893DN,ATL,10:17:00,10:13:00,-4,0,0,0,0,0
DL,21-08-2024,546,N543DE,JFK,06:07:00,06:08:00,1,0,0,0,0,0
DL,21-08-2024,672,N660DL,ATL,15:02:00,15:01:00,-1,0,0,0,0,0
DL,21-08-2024,791,N511DE,JFK,12:08:00,12:05:00,-3,0,0,0,0,0
DL,21-08-2024,796,N900PC,ATL,13:06:00,13:02:00,-4,0,0,0,0,0
DL,21-08-2024,813,N855DN,DTW,15:02:00,15:00:00,-2,0,0,0,0,0
DL,21-08-2024,901,N676DL,ATL,07:05:00,07:05:00,0,0,0,0,0,0
DL,21-08-2024,918,N351DN,ATL,06:00:00,05:58:00,-2,0,0,0,0,0
DL,21-08-2024,929,N398DN,ATL,23:45:00,23:48:00,3,0,0,0,0,0
DL,21-08-2024,1070,N930DZ,DTW,11:00:00,10:59:00,-1,0,0,0,0,0
DL,21-08-2024,1431,N825DN,SLC,13:25:00,13:16:00,-9,0,0,0,0,0
DL,21-08-2024,1432,N127DN,SLC,17:08:00,18:34:00,86,0,0,0,0,74
DL,21-08-2024,1447,N899DN,SLC,10:05:00,10:03:00,-2,0,0,0,0,0
DL,21-08-2024,1451,N3753,SLC,19:00:00,18:54:00,-6,0,0,0,0,0
DL,21-08-2024,1535,N573DT,SLC,06:10:00,06:02:00,-8,0,0,0,0,0
DL,21-08-2024,1728,N531DA,BOS,22:52:00,22:42:00,-10,0,0,0,0,0
DL,21-08-2024,2135,N394DX,DTW,06:00:00,05:53:00,-7,0,0,0,0,0
DL,21-08-2024,2274,N911DQ,MSP,12:05:00,11:59:00,-6,0,0,0,0,0
DL,21-08-2024,2284,N921DU,MSP,14:01:00,13:55:00,-6,0,0,0,0,0
DL,21-08-2024,2287,N343DN,MSP,17:00:00,17:00:00,0,0,0,0,0,0
DL,21-08-2024,2288,N803DN,MSP,09:23:00,09:13:00,-10,0,0,0,0,0
DL,21-08-2024,2419,N3772H,SEA,11:15:00,11:09:00,-6,0,0,0,0,0
DL,21-08-2024,2442,N394DA,SEA,19:10:00,19:10:00,0,0,0,0,0,0
DL,21-08-2024,2444,N398DA,SEA,06:02:00,05:57:00,-5,0,0,0,0,0
DL,21-08-2024,2447,N398DA,SEA,13:56:00,13:48:00,-8,0,0,0,0,0
DL,21-08-2024,2449,N386DA,SEA,15:45:00,15:39:00,-6,0,0,0,0,0
DL,21-08-2024,2553,N127DN,MSP,06:00:00,05:56:00,-4,0,0,0,0,0
DL,22-08-2024,348,N6706Q,ATL,10:17:00,10:15:00,-2,0,0,0,0,0
DL,22-08-2024,546,N526DE,JFK,06:07:00,06:00:00,-7,0,0,0,0,0
DL,22-08-2024,672,N545US,ATL,15:02:00,15:05:00,3,0,0,0,0,0
DL,22-08-2024,791,N572DT,JFK,12:08:00,12:08:00,0,0,0,0,0,0
DL,22-08-2024,796,N678DL,ATL,13:06:00,13:01:00,-5,0,0,0,0,0
DL,22-08-2024,813,N891DN,DTW,15:02:00,15:16:00,14,0,0,0,0,0
DL,22-08-2024,901,N696DL,ATL,07:05:00,07:03:00,-2,0,0,0,0,0
DL,22-08-2024,918,N396DN,ATL,06:00:00,05:59:00,-1,0,0,0,0,0
DL,22-08-2024,929,N332DN,ATL,23:45:00,23:42:00,-3,0,0,0,0,0
DL,22-08-2024,1070,N838DN,DTW,11:00:00,10:58:00,-2,0,0,0,0,0
DL,22-08-2024,1431,N831DN,SLC,13:25:00,13:25:00,0,0,0,0,0,0
DL,22-08-2024,1432,N868DN,SLC,17:02:00,17:01:00,-1,0,0,90,0,0
DL,22-08-2024,1447,N900DU,SLC,10:05:00,09:57:00,-8,0,0,0,0,0
DL,22-08-2024,1451,N3745B,SLC,19:00:00,19:14:00,14,0,14,39,0,0
DL,22-08-2024,1535,N573DT,SLC,06:10:00,06:05:00,-5,0,0,0,0,0
DL,22-08-2024,1728,N515DE,BOS,22:52:00,22:45:00,-7,0,0,0,0,0
DL,22-08-2024,2135,N101DQ,DTW,06:00:00,05:58:00,-2,0,0,16,0,0
DL,22-08-2024,2148,N844DN,DTW,23:14:00,23:06:00,-8,0,0,0,0,0
DL,22-08-2024,2274,N848DN,MSP,12:05:00,12:05:00,0,0,0,0,0,0
DL,22-08-2024,2284,N866DN,MSP,14:01:00,13:54:00,-7,0,0,0,0,0
DL,22-08-2024,2287,N388DN,MSP,17:00:00,17:50:00,50,0,0,49,0,50
DL,22-08-2024,2288,N861DN,MSP,09:23:00,09:16:00,-7,0,0,17,0,0
DL,22-08-2024,2419,N3736C,SEA,11:15:00,11:12:00,-3,0,0,0,0,0
DL,22-08-2024,2442,N3765,SEA,19:10:00,19:27:00,17,0,10,8,0,7
DL,22-08-2024,2444,N774DE,SEA,06:02:00,06:04:00,2,0,0,0,0,0
DL,22-08-2024,2447,N774DE,SEA,13:56:00,14:12:00,16,6,0,16,0,10
DL,22-08-2024,2449,N3746H,SEA,15:45:00,16:10:00,25,0,0,0,0,0
DL,22-08-2024,2553,N327DN,MSP,06:00:00,05:57:00,-3,0,0,0,0,0
DL,23-08-2024,348,N543US,ATL,10:17:00,10:30:00,13,0,0,8,0,13
DL,23-08-2024,546,N540DE,JFK,06:07:00,06:18:00,11,11,0,8,0,0
DL,23-08-2024,672,N690DL,ATL,15:02:00,14:58:00,-4,0,0,0,0,0
DL,23-08-2024,791,N576DN,JFK,12:08:00,12:02:00,-6,0,0,0,0,0
DL,23-08-2024,796,N684DA,ATL,13:06:00,13:00:00,-6,0,0,0,0,0
DL,23-08-2024,813,N824DN,DTW,15:02:00,15:36:00,34,0,0,0,0,17
DL,23-08-2024,901,N660DL,ATL,07:05:00,06:58:00,-7,0,0,0,0,0
DL,23-08-2024,918,N370DN,ATL,06:00:00,05:56:00,-4,0,0,0,0,0
DL,23-08-2024,929,N392DN,ATL,23:45:00,07:12:00,15,0,0,0,0,0
DL,23-08-2024,1070,N920DU,DTW,11:00:00,11:24:00,24,0,0,0,0,0
DL,23-08-2024,1431,N853DN,SLC,13:25:00,13:13:00,-12,0,0,0,0,0
DL,23-08-2024,1432,N886DN,SLC,17:02:00,16:55:00,-7,0,0,0,0,0
DL,23-08-2024,1447,N856DN,SLC,10:05:00,10:00:00,-5,0,0,0,0,0
DL,23-08-2024,1451,N3771K,SLC,19:00:00,18:59:00,-1,0,0,0,0,0
DL,23-08-2024,1535,N579DT,SLC,06:10:00,06:05:00,-5,0,0,0,0,0
DL,23-08-2024,1728,N581DA,BOS,22:37:00,22:30:00,-7,0,0,0,0,0
DL,23-08-2024,2135,N123DW,DTW,06:00:00,05:55:00,-5,0,0,0,0,0
DL,23-08-2024,2148,N834DN,DTW,23:14:00,23:09:00,-5,0,0,0,0,0
DL,23-08-2024,2274,N882DN,MSP,12:05:00,12:11:00,6,0,0,0,0,0
DL,23-08-2024,2284,N809DN,MSP,14:01:00,14:05:00,4,0,0,0,0,0
DL,23-08-2024,2287,N383DZ,MSP,17:00:00,16:55:00,-5,0,0,0,0,0
DL,23-08-2024,2288,N858DZ,MSP,09:23:00,09:16:00,-7,0,0,0,0,0
DL,23-08-2024,2419,N3763D,SEA,11:15:00,11:50:00,35,3,0,0,0,30
DL,23-08-2024,2442,N3764D,SEA,19:10:00,19:02:00,-8,0,0,0,0,0
DL,23-08-2024,2444,N390DA,SEA,06:02:00,06:00:00,-2,0,0,0,0,0
DL,23-08-2024,2447,N390DA,SEA,13:56:00,13:51:00,-5,0,0,0,0,0
DL,23-08-2024,2449,N3731T,SEA,15:45:00,15:58:00,13,0,0,0,0,0
DL,23-08-2024,2553,N128DN,MSP,06:00:00,05:57:00,-3,0,0,0,0,0
DL,24-08-2024,348,N392DN,ATL,10:17:00,10:15:00,-2,0,0,0,0,0
DL,24-08-2024,546,N515DE,JFK,06:07:00,06:05:00,-2,0,0,0,0,0
DL,24-08-2024,791,N573DT,JFK,12:08:00,12:00:00,-8,0,0,0,0,0
DL,24-08-2024,796,N67171,ATL,13:06:00,13:06:00,0,0,0,15,0,0
DL,24-08-2024,813,N910DU,DTW,14:51:00,14:45:00,-6,0,0,0,0,0
DL,24-08-2024,901,N6712B,ATL,07:05:00,07:12:00,7,0,0,0,0,0
DL,24-08-2024,918,N371DN,ATL,06:00:00,05:57:00,-3,0,0,0,0,0
DL,24-08-2024,929,N327DN,ATL,23:45:00,23:43:00,-2,0,0,0,0,0
DL,24-08-2024,1070,N824DN,DTW,11:00:00,10:54:00,-6,0,0,0,0,0
DL,24-08-2024,1431,N841DN,SLC,13:25:00,13:16:00,-9,0,0,0,0,0
DL,24-08-2024,1432,N844DN,SLC,17:02:00,16:55:00,-7,0,0,0,0,0
DL,24-08-2024,1447,N805DN,SLC,10:05:00,10:01:00,-4,0,0,0,0,0
DL,24-08-2024,1535,N582DN,SLC,06:10:00,06:03:00,-7,0,0,0,0,0
DL,24-08-2024,1728,N521DT,BOS,22:52:00,22:41:00,-11,0,0,0,0,0
DL,24-08-2024,2135,N326DN,DTW,06:00:00,05:54:00,-6,0,0,0,0,0
DL,24-08-2024,2274,N885DN,MSP,12:05:00,12:01:00,-4,0,0,0,0,0
DL,24-08-2024,2284,N369DN,MSP,13:32:00,13:28:00,-4,0,0,0,0,0
DL,24-08-2024,2287,N366DX,MSP,17:00:00,16:54:00,-6,0,0,0,0,0
DL,24-08-2024,2288,N858DZ,MSP,09:23:00,09:21:00,-2,0,0,0,0,0
DL,24-08-2024,2419,N398DA,SEA,11:15:00,11:08:00,-7,0,0,0,0,0
DL,24-08-2024,2444,N3751B,SEA,06:02:00,05:58:00,-4,0,0,0,0,0
DL,24-08-2024,2447,N3751B,SEA,13:56:00,14:08:00,12,0,0,0,0,0
DL,24-08-2024,2449,N774DE,SEA,15:45:00,15:50:00,5,0,0,0,0,0
DL,24-08-2024,2553,N353DN,MSP,06:00:00,05:53:00,-7,0,0,0,0,0
DL,25-08-2024,348,N694DL,ATL,10:17:00,10:15:00,-2,0,0,0,0,0
DL,25-08-2024,546,N520DE,JFK,06:07:00,06:18:00,11,0,0,0,0,0
DL,25-08-2024,672,N690DL,ATL,15:02:00,14:59:00,-3,0,0,0,0,0
DL,25-08-2024,791,N574DT,JFK,12:08:00,12:03:00,-5,0,0,0,0,0
DL,25-08-2024,796,N6702,ATL,13:06:00,13:01:00,-5,0,0,0,0,0
DL,25-08-2024,813,N834DN,DTW,15:02:00,14:54:00,-8,0,0,0,0,0
DL,25-08-2024,901,N695DL,ATL,07:05:00,07:04:00,-1,0,0,0,0,0
DL,25-08-2024,918,N395DZ,ATL,06:00:00,05:58:00,-2,0,0,0,0,0
DL,25-08-2024,929,N309DN,ATL,23:45:00,23:38:00,-7,0,0,0,0,0
DL,25-08-2024,1070,N865DN,DTW,11:00:00,10:58:00,-2,0,0,0,0,0
DL,25-08-2024,1431,N388DA,SLC,13:25:00,13:24:00,-1,0,0,0,0,0
DL,25-08-2024,1432,N890DN,SLC,17:02:00,16:57:00,-5,0,0,0,0,0
DL,25-08-2024,1447,N818DA,SLC,10:05:00,09:56:00,-9,0,0,0,0,0
DL,25-08-2024,1451,N3753,SLC,19:00:00,18:45:00,-15,0,0,0,0,0
DL,25-08-2024,1535,N576DN,SLC,06:10:00,06:04:00,-6,0,0,0,0,0
DL,25-08-2024,1728,N506DA,BOS,22:37:00,22:28:00,-9,0,0,0,0,0
DL,25-08-2024,2135,N381DZ,DTW,06:00:00,05:53:00,-7,0,0,0,0,0
DL,25-08-2024,2148,N913DU,DTW,23:14:00,23:01:00,-13,0,0,0,0,0
DL,25-08-2024,2274,N927DZ,MSP,12:05:00,11:57:00,-8,0,0,0,0,0
DL,25-08-2024,2284,N845DN,MSP,14:01:00,13:57:00,-4,0,0,0,0,0
DL,25-08-2024,2287,N325DN,MSP,17:00:00,17:31:00,31,0,0,0,0,15
DL,25-08-2024,2288,N833DN,MSP,09:23:00,09:24:00,1,0,0,0,0,0
DL,25-08-2024,2419,N3754A,SEA,11:15:00,11:05:00,-10,0,0,0,0,0
DL,25-08-2024,2442,N399DA,SEA,19:10:00,19:01:00,-9,0,0,0,0,0
DL,25-08-2024,2444,N3730B,SEA,06:02:00,05:58:00,-4,0,0,0,0,0
DL,25-08-2024,2447,N3730B,SEA,13:56:00,13:56:00,0,0,0,0,0,0
DL,25-08-2024,2449,N37700,SEA,15:45:00,15:36:00,-9,0,0,23,0,0
DL,25-08-2024,2553,N118DY,MSP,06:00:00,05:54:00,-6,0,0,0,0,0
DL,26-08-2024,348,N330DX,ATL,10:15:00,10:12:00,-3,0,0,0,0,0
DL,26-08-2024,546,N532DN,JFK,06:07:00,07:01:00,54,27,0,0,0,0
DL,26-08-2024,791,N582DN,JFK,12:08:00,12:04:00,-4,0,0,0,0,0
DL,26-08-2024,796,N673DL,ATL,13:06:00,13:04:00,-2,0,0,0,0,0
DL,26-08-2024,813,N859DN,DTW,15:02:00,15:01:00,-1,0,0,0,0,0
DL,26-08-2024,901,N553NW,ATL,07:05:00,07:02:00,-3,0,0,0,0,0
DL,26-08-2024,918,N324DX,ATL,06:00:00,05:57:00,-3,0,0,0,0,0
DL,26-08-2024,929,N105DX,ATL,23:45:00,23:42:00,-3,0,0,0,0,0
DL,26-08-2024,1070,N867DN,DTW,11:00:00,11:00:00,0,0,0,0,0,0
DL,26-08-2024,1431,N913DU,SLC,13:25:00,13:13:00,-12,0,0,0,0,0
DL,26-08-2024,1432,N125DN,SLC,17:08:00,17:35:00,27,0,0,0,0,0
DL,26-08-2024,1447,N915DU,SLC,10:05:00,09:56:00,-9,0,0,0,0,0
DL,26-08-2024,1535,N572DT,SLC,06:10:00,06:10:00,0,0,0,25,0,0
DL,26-08-2024,1728,N524DE,BOS,22:52:00,22:44:00,-8,0,0,0,0,0
DL,26-08-2024,2135,N107DN,DTW,06:00:00,05:48:00,-12,0,0,0,0,0
DL,26-08-2024,2274,N920DU,MSP,12:05:00,12:04:00,-1,0,0,0,0,0
DL,26-08-2024,2284,N901DN,MSP,14:01:00,13:49:00,-12,0,0,0,0,0
DL,26-08-2024,2287,N387DN,MSP,17:00:00,17:39:00,39,0,0,0,0,0
DL,26-08-2024,2288,N892DN,MSP,09:23:00,09:25:00,2,0,0,0,0,0
DL,26-08-2024,2419,N372DA,SEA,11:15:00,11:28:00,13,0,0,0,0,0
DL,26-08-2024,2444,N774DE,SEA,06:02:00,06:03:00,1,0,0,0,0,0
DL,26-08-2024,2447,N774DE,SEA,13:56:00,13:50:00,-6,0,0,0,0,0
DL,26-08-2024,2449,N398DA,SEA,15:45:00,15:41:00,-4,0,0,0,0,0
DL,26-08-2024,2553,N125DN,MSP,06:00:00,05:59:00,-1,0,0,0,0,0
DL,27-08-2024,348,N344DN,ATL,10:15:00,10:09:00,-6,0,0,0,0,0
DL,27-08-2024,546,N533DT,JFK,06:07:00,06:06:00,-1,0,0,17,0,0
DL,27-08-2024,791,N527DE,JFK,12:08:00,12:04:00,-4,0,0,0,0,0
DL,27-08-2024,796,N929DZ,ATL,13:08:00,13:07:00,-1,0,0,0,0,0
DL,27-08-2024,813,N914DU,DTW,15:02:00,14:54:00,-8,0,0,0,0,0
DL,27-08-2024,901,N6712B,ATL,07:05:00,07:00:00,-5,0,0,0,0,0
DL,27-08-2024,918,N392DN,ATL,06:00:00,05:50:00,-10,0,0,0,0,0
DL,27-08-2024,929,N377DN,ATL,23:45:00,23:43:00,-2,0,0,0,0,0
DL,27-08-2024,1070,N824DN,DTW,11:00:00,10:59:00,-1,0,0,0,0,0
DL,27-08-2024,1431,N834DN,SLC,13:25:00,13:15:00,-10,0,0,0,0,0
DL,27-08-2024,1432,N114DN,SLC,17:08:00,17:06:00,-2,0,0,0,0,0
DL,27-08-2024,1447,N927DZ,SLC,10:05:00,09:56:00,-9,0,0,0,0,0
DL,27-08-2024,1535,N577DN,SLC,06:10:00,06:08:00,-2,0,0,0,0,0
DL,27-08-2024,1728,N546DN,BOS,22:37:00,22:26:00,-11,0,0,0,0,0
DL,27-08-2024,2135,N359DN,DTW,06:00:00,05:56:00,-4,0,0,0,0,0
DL,27-08-2024,2274,N879DN,MSP,12:05:00,11:57:00,-8,0,0,0,0,0
DL,27-08-2024,2284,N899DN,MSP,14:01:00,13:56:00,-5,0,0,0,0,0
DL,27-08-2024,2287,N328DN,MSP,17:00:00,16:53:00,-7,0,0,0,0,0
DL,27-08-2024,2288,N830DN,MSP,09:23:00,09:18:00,-5,0,0,0,0,0
DL,27-08-2024,2419,N3764D,SEA,11:15:00,11:07:00,-8,0,0,0,0,0
DL,27-08-2024,2444,N399DA,SEA,06:02:00,05:53:00,-9,0,0,0,0,0
DL,27-08-2024,2447,N399DA,SEA,13:56:00,13:46:00,-10,0,0,0,0,0
DL,27-08-2024,2449,N3736C,SEA,15:45:00,15:40:00,-5,0,0,0,0,0
DL,27-08-2024,2553,N114DN,MSP,06:00:00,05:54:00,-6,0,0,0,0,0
DL,28-08-2024,348,N103DY,ATL,10:15:00,10:12:00,-3,0,0,0,0,0
DL,28-08-2024,546,N539DN,JFK,06:07:00,06:05:00,-2,0,0,0,0,0
DL,28-08-2024,791,N531DA,JFK,12:08:00,12:03:00,-5,0,0,0,0,0
DL,28-08-2024,796,N897DN,ATL,13:08:00,13:07:00,-1,0,0,0,0,0
DL,28-08-2024,813,N870DN,DTW,15:02:00,14:57:00,-5,0,0,0,0,0
DL,28-08-2024,901,N553NW,ATL,07:05:00,06:58:00,-7,0,0,0,0,0
DL,28-08-2024,918,N397DN,ATL,06:00:00,05:56:00,-4,0,0,0,0,0
DL,28-08-2024,929,N379DN,ATL,23:45:00,23:45:00,0,0,0,0,0,0
DL,28-08-2024,1070,N824DN,DTW,11:00:00,10:56:00,-4,0,0,0,0,0
DL,28-08-2024,1431,N883DN,SLC,13:25:00,13:17:00,-8,0,0,0,0,0
DL,28-08-2024,1432,N116DN,SLC,17:08:00,17:01:00,-7,0,0,0,0,0
DL,28-08-2024,1447,N834DN,SLC,10:05:00,10:02:00,-3,0,0,0,0,0
DL,28-08-2024,1535,N548DN,SLC,06:10:00,06:02:00,-8,0,0,0,0,0
DL,28-08-2024,1728,N580DT,BOS,22:37:00,22:36:00,-1,0,0,0,0,0
DL,28-08-2024,2135,N376DN,DTW,06:00:00,05:53:00,-7,0,0,0,0,0
DL,28-08-2024,2274,N881DN,MSP,12:05:00,12:06:00,1,0,0,0,0,0
DL,28-08-2024,2284,N814DN,MSP,14:01:00,14:00:00,-1,0,0,0,0,0
DL,28-08-2024,2287,N352DN,MSP,17:00:00,16:58:00,-2,0,0,0,0,0
DL,28-08-2024,2288,N901DN,MSP,09:23:00,09:15:00,-8,0,0,0,0,0
DL,28-08-2024,2419,N386DA,SEA,11:15:00,11:04:00,-11,0,0,0,0,0
DL,28-08-2024,2444,N394DA,SEA,06:02:00,05:56:00,-6,0,0,0,0,0
DL,28-08-2024,2447,N394DA,SEA,13:56:00,13:52:00,-4,0,0,0,0,0
DL,28-08-2024,2449,N3736C,SEA,15:45:00,15:52:00,7,0,0,0,0,0
DL,28-08-2024,2553,N116DN,MSP,06:00:00,05:55:00,-5,0,0,0,0,0
DL,29-08-2024,348,N6703D,ATL,10:09:00,10:15:00,6,0,0,0,0,0
DL,29-08-2024,546,N518DQ,JFK,06:07:00,06:08:00,1,0,0,0,0,0
DL,29-08-2024,672,N551NW,ATL,15:02:00,15:05:00,3,0,0,42,0,0
DL,29-08-2024,791,N579DT,JFK,12:08:00,12:06:00,-2,0,0,0,0,0
DL,29-08-2024,796,N6710E,ATL,13:06:00,13:05:00,-1,0,0,0,0,0
DL,29-08-2024,813,N3739P,DTW,15:02:00,15:24:00,22,21,0,68,0,1
DL,29-08-2024,901,N673DL,ATL,07:05:00,07:06:00,1,0,0,0,0,0
DL,29-08-2024,918,N331DN,ATL,06:00:00,06:00:00,0,0,0,0,0,0
DL,29-08-2024,929,N350DN,ATL,23:45:00,23:41:00,-4,0,0,0,0,0
DL,29-08-2024,1070,N899DN,DTW,11:00:00,10:58:00,-2,0,0,0,0,0
DL,29-08-2024,1431,N836DN,SLC,13:25:00,13:18:00,-7,0,0,0,0,0
DL,29-08-2024,1432,N372DN,SLC,17:08:00,17:10:00,2,0,0,0,0,0
DL,29-08-2024,1447,N924DZ,SLC,10:05:00,09:58:00,-7,0,0,0,0,0
DL,29-08-2024,1451,N3753,SLC,19:00:00,19:11:00,11,0,0,4,0,11
DL,29-08-2024,1535,N582DN,SLC,06:10:00,06:07:00,-3,0,0,0,0,0
DL,29-08-2024,1728,N581DA,BOS,22:37:00,22:58:00,21,21,0,25,0,0
DL,29-08-2024,2135,N326DN,DTW,06:00:00,05:57:00,-3,0,0,0,0,0
DL,29-08-2024,2274,N878DN,MSP,12:05:00,12:12:00,7,0,0,35,0,0
DL,29-08-2024,2284,N844DN,MSP,14:01:00,14:44:00,43,0,0,71,0,0
DL,29-08-2024,2287,N108DN,MSP,17:00:00,17:50:00,50,13,0,29,0,37
DL,29-08-2024,2288,N893DN,MSP,09:23:00,09:26:00,3,0,0,0,0,0
DL,29-08-2024,2419,N398DA,SEA,11:15:00,11:01:00,-14,0,0,0,0,0
DL,29-08-2024,2442,N3764D,SEA,19:10:00,19:15:00,5,0,0,0,0,0
DL,29-08-2024,2444,N3730B,SEA,06:02:00,09:15:00,193,193,0,4,0,0
DL,29-08-2024,2447,N3772H,SEA,13:56:00,14:02:00,6,0,0,0,0,0
DL,29-08-2024,2449,N373DA,SEA,15:45:00,15:45:00,0,0,0,0,0,0
DL,29-08-2024,2553,N372DN,MSP,06:00:00,05:57:00,-3,0,0,0,0,0
DL,30-08-2024,348,N550NW,ATL,10:09:00,10:09:00,0,0,0,0,0,0
DL,30-08-2024,546,N541DE,JFK,06:07:00,06:03:00,-4,0,0,0,0,0
DL,30-08-2024,672,N6709,ATL,15:02:00,15:10:00,8,0,0,0,0,0
DL,30-08-2024,791,N578DN,JFK,12:08:00,12:06:00,-2,0,0,0,0,0
DL,30-08-2024,796,N544US,ATL,13:06:00,13:15:00,9,8,0,12,0,1
DL,30-08-2024,813,N805DN,DTW,15:02:00,15:00:00,-2,0,0,0,0,0
DL,30-08-2024,901,N6703D,ATL,07:05:00,07:02:00,-3,0,0,0,0,0
DL,30-08-2024,918,N114DN,ATL,06:00:00,06:00:00,0,0,0,0,0,0
DL,30-08-2024,929,N309DN,ATL,23:45:00,23:48:00,3,0,0,28,0,0
DL,30-08-2024,1070,N858DZ,DTW,11:00:00,10:54:00,-6,0,0,0,0,0
DL,30-08-2024,1431,N917DU,SLC,13:25:00,13:20:00,-5,0,0,0,0,0
DL,30-08-2024,1432,N369DN,SLC,17:08:00,17:02:00,-6,0,0,0,0,0
DL,30-08-2024,1447,N810DN,SLC,10:05:00,09:58:00,-7,0,0,0,0,0
DL,30-08-2024,1451,N378DA,SLC,19:00:00,19:55:00,55,46,0,0,0,0
DL,30-08-2024,1535,N576DN,SLC,06:10:00,06:05:00,-5,0,0,0,0,0
DL,30-08-2024,1728,N574DT,BOS,22:37:00,23:02:00,25,0,0,0,0,0
DL,30-08-2024,2135,N119DN,DTW,06:00:00,05:55:00,-5,0,0,0,0,0
DL,30-08-2024,2274,N871DN,MSP,12:05:00,12:03:00,-2,0,0,0,0,0
DL,30-08-2024,2284,N923DZ,MSP,14:01:00,13:59:00,-2,0,0,0,0,0
DL,30-08-2024,2287,N353DN,MSP,17:00:00,16:55:00,-5,0,0,0,0,0
DL,30-08-2024,2288,N863DN,MSP,09:23:00,09:23:00,0,0,0,0,0,0
DL,30-08-2024,2419,N3742C,SEA,11:15:00,11:14:00,-1,0,0,0,0,0
DL,30-08-2024,2442,N3758Y,SEA,19:10:00,20:29:00,79,58,0,0,0,19
DL,30-08-2024,2444,N384DA,SEA,06:02:00,05:59:00,-3,0,0,0,0,0
DL,30-08-2024,2447,N384DA,SEA,13:56:00,14:07:00,11,0,0,0,0,0
DL,30-08-2024,2449,N3773D,SEA,15:45:00,15:39:00,-6,0,0,0,0,0
DL,30-08-2024,2553,N369DN,MSP,06:00:00,05:56:00,-4,0,0,0,0,0
DL,31-08-2024,348,N121DZ,ATL,10:15:00,10:16:00,1,0,0,0,0,0
DL,31-08-2024,546,N506DA,JFK,06:07:00,06:13:00,6,0,0,0,0,0
DL,31-08-2024,791,N582DN,JFK,12:08:00,12:04:00,-4,0,0,0,0,0
DL,31-08-2024,796,N545US,ATL,13:06:00,13:05:00,-1,0,0,0,0,0
DL,31-08-2024,813,N917DU,DTW,14:51:00,14:42:00,-9,0,0,0,0,0
DL,31-08-2024,901,N541US,ATL,07:05:00,07:03:00,-2,0,0,0,0,0
DL,31-08-2024,918,N125DN,ATL,06:00:00,06:02:00,2,0,0,0,0,0
DL,31-08-2024,929,N366DX,ATL,23:45:00,23:42:00,-3,0,0,0,0,0
DL,31-08-2024,1070,N872DN,DTW,11:00:00,11:00:00,0,0,0,0,0,0
DL,31-08-2024,1431,N913DU,SLC,13:25:00,13:22:00,-3,0,0,0,0,0
DL,31-08-2024,1432,N367DN,SLC,17:08:00,17:02:00,-6,0,0,0,0,0
DL,31-08-2024,1447,N893DN,SLC,10:05:00,09:57:00,-8,0,0,0,0,0
DL,31-08-2024,1535,N572DT,SLC,06:10:00,06:13:00,3,0,0,0,0,0
DL,31-08-2024,1728,N546DN,BOS,22:52:00,22:40:00,-12,0,0,0,0,0
DL,31-08-2024,2135,N333DX,DTW,06:00:00,06:03:00,3,0,0,0,0,0
DL,31-08-2024,2274,N923DZ,MSP,12:05:00,11:52:00,-13,0,0,0,0,0
DL,31-08-2024,2284,N111DC,MSP,13:32:00,13:26:00,-6,0,0,0,0,0
DL,31-08-2024,2287,N324DX,MSP,17:00:00,16:56:00,-4,0,0,0,0,0
DL,31-08-2024,2288,N814DN,MSP,09:23:00,09:19:00,-4,0,0,0,0,0
DL,31-08-2024,2419,N3754A,SEA,11:15:00,11:10:00,-5,0,0,0,0,0
DL,31-08-2024,2444,N399DA,SEA,06:02:00,06:06:00,4,0,0,0,0,0
DL,31-08-2024,2447,N399DA,SEA,13:56:00,13:59:00,3,0,0,0,0,0
DL,31-08-2024,2449,N381DN,SEA,15:45:00,15:40:00,-5,0,0,0,0,0
DL,31-08-2024,2553,N367DN,MSP,06:00:00,05:53:00,-7,0,0,0,0,0
